0.013247,-0.0960563,-0.0251448,2.2424,0.002645,0.100934
0.013249,-0.0960638,-0.0251392,2.24211,0.00262022,0.101017
0.0132509,-0.0960719,-0.0251316,2.24179,0.00259165,0.101111
0.0132526,-0.0960805,-0.0251221,2.24141,0.00255849,0.101219
0.0132544,-0.0960897,-0.0251103,2.24098,0.00251985,0.10134
0.0132563,-0.0960995,-0.0250961,2.24049,0.00247476,0.101474
0.0132584,-0.0961099,-0.0250795,2.23994,0.00242217,0.101621
0.0132608,-0.0961209,-0.0250602,2.23933,0.00236096,0.101781
0.0132637,-0.0961325,-0.0250381,2.23866,0.00228991,0.101955
0.0132673,-0.0961448,-0.0250132,2.23791,0.00220773,0.102141
0.0132717,-0.0961578,-0.0249852,2.2371,0.00211304,0.102339
0.0132772,-0.0961714,-0.0249541,2.2362,0.00200441,0.102549
0.0132839,-0.0961859,-0.0249197,2.23523,0.00188033,0.10277
0.0132921,-0.0962011,-0.024882,2.23418,0.0017392,0.103003
0.0133021,-0.0962172,-0.0248409,2.23304,0.0015794,0.103245
0.013314,-0.0962342,-0.0247963,2.23181,0.00139922,0.103496
0.0133282,-0.0962522,-0.0247482,2.2305,0.00119693,0.103755
0.013345,-0.0962713,-0.0246965,2.22909,0.000970752,0.104021
0.0133647,-0.0962915,-0.0246412,2.22758,0.000718873,0.104293
0.0133876,-0.096313,-0.0245824,2.22598,0.000439466,0.10457
0.0134139,-0.0963359,-0.0245199,2.22427,0.000130691,0.10485
0.0134442,-0.0963602,-0.0244539,2.22246,-0.00020929,0.105133
0.0134786,-0.0963862,-0.0243844,2.22055,-0.000582301,0.105416
0.0135176,-0.0964141,-0.0243115,2.21853,-0.000990143,0.105698
0.0135615,-0.0964438,-0.0242352,2.21641,-0.00143458,0.105979
0.0136106,-0.0964757,-0.0241556,2.21417,-0.00191731,0.106256
0.0136653,-0.0965099,-0.0240729,2.21182,-0.00244,0.106528
0.0137259,-0.0965467,-0.0239872,2.20935,-0.0030042,0.106794
0.0137928,-0.0965862,-0.0238986,2.20678,-0.00361138,0.107052
0.0138662,-0.0966286,-0.0238073,2.20408,-0.00426291,0.1073
0.0139466,-0.0966743,-0.0237135,2.20128,-0.00496004,0.107538
0.0140342,-0.0967234,-0.0236175,2.19835,-0.00570385,0.107765
0.0141292,-0.0967762,-0.0235193,2.19531,-0.0064953,0.107978
0.0142319,-0.096833,-0.0234192,2.19215,-0.00733519,0.108178
0.0143426,-0.096894,-0.0233176,2.18887,-0.0082241,0.108362
0.0144614,-0.0969595,-0.0232146,2.18548,-0.00916247,0.10853
0.0145885,-0.0970299,-0.0231106,2.18197,-0.0101505,0.108682
0.0147241,-0.0971053,-0.0230057,2.17834,-0.0111882,0.108816
0.0148682,-0.0971861,-0.0229004,2.1746,-0.0122752,0.108933
0.0150209,-0.0972725,-0.0227948,2.17074,-0.0134112,0.109032
0.0151822,-0.0973648,-0.0226894,2.16677,-0.0145955,0.109112
0.0153521,-0.0974633,-0.0225844,2.1627,-0.0158269,0.109175
0.0155305,-0.0975682,-0.0224801,2.15851,-0.0171044,0.109219
0.0157173,-0.0976799,-0.022377,2.15422,-0.0184264,0.109246
0.0159123,-0.0977984,-0.0222752,2.14982,-0.0197911,0.109256
0.0161153,-0.0979241,-0.0221751,2.14532,-0.0211966,0.10925
0.016326,-0.0980572,-0.0220771,2.14073,-0.0226405,0.109228
0.0165441,-0.0981977,-0.0219815,2.13604,-0.0241202,0.109193
0.0167693,-0.0983459,-0.0218886,2.13127,-0.0256329,0.109144
0.017001,-0.0985019,-0.0217987,2.1264,-0.0271757,0.109084
0.0172389,-0.0986658,-0.021712,2.12146,-0.028745,0.109015
0.0174823,-0.0988376,-0.021629,2.11644,-0.0303374,0.108937
0.0177307,-0.0990174,-0.0215498,2.11135,-0.031949,0.108854
0.0179834,-0.0992051,-0.0214748,2.1062,-0.0335759,0.108766
0.0182398,-0.0994008,-0.0214041,2.10099,-0.0352139,0.108677
0.0184991,-0.0996042,-0.0213381,2.09572,-0.0368585,0.108589
0.0187606,-0.0998154,-0.0212769,2.09041,-0.0385052,0.108503
0.0190234,-0.100034,-0.0212207,2.08506,-0.0401494,0.108422
0.0192867,-0.10026,-0.0211697,2.07968,-0.0417863,0.10835
0.0195496,-0.100493,-0.021124,2.07427,-0.0434109,0.108288
0.0198111,-0.100733,-0.0210837,2.06885,-0.0450184,0.108239
0.0200705,-0.100979,-0.021049,2.06342,-0.0466037,0.108205
0.0203266,-0.101231,-0.0210197,2.05798,-0.0481619,0.10819
0.0205786,-0.101488,-0.0209961,2.05256,-0.0496879,0.108195
0.0208254,-0.101751,-0.020978,2.04716,-0.0511769,0.108224
0.0210661,-0.102018,-0.0209654,2.04178,-0.0526239,0.108278
0.0212997,-0.102289,-0.0209582,2.03644,-0.0540243,0.108361
0.0215251,-0.102563,-0.0209563,2.03115,-0.0553734,0.108474
0.0217415,-0.102839,-0.0209594,2.02591,-0.0566668,0.108619
0.0219478,-0.103118,-0.0209674,2.02073,-0.0579003,0.108799
0.0221432,-0.103397,-0.02098,2.01563,-0.0590699,0.109015
0.0223268,-0.103677,-0.020997,2.01061,-0.0601718,0.10927
0.0224977,-0.103956,-0.0210178,2.00568,-0.0612027,0.109564
0.0226551,-0.104234,-0.0210423,2.00086,-0.0621593,0.1099
0.0227982,-0.10451,-0.0210698,1.99614,-0.0630389,0.110278
0.0229263,-0.104782,-0.0211,1.99155,-0.063839,0.110699
0.0230387,-0.105051,-0.0211323,1.98709,-0.0645576,0.111165
0.023135,-0.105314,-0.0211662,1.98276,-0.0651931,0.111675
0.0232145,-0.105572,-0.021201,1.97858,-0.0657442,0.112231
0.0232768,-0.105822,-0.0212362,1.97456,-0.0662102,0.112832
0.0233215,-0.106065,-0.0212709,1.97069,-0.0665908,0.113479
0.0233484,-0.1063,-0.0213045,1.967,-0.066886,0.114171
0.0233572,-0.106524,-0.0213363,1.96348,-0.0670964,0.114908
0.0233479,-0.106738,-0.0213655,1.96014,-0.0672232,0.11569
0.0233204,-0.106941,-0.0213912,1.95699,-0.0672678,0.116514
0.0232748,-0.107132,-0.0214127,1.95404,-0.0672323,0.117381
0.0232112,-0.107309,-0.0214291,1.95128,-0.067119,0.11829
0.0231299,-0.107472,-0.0214395,1.94872,-0.0669309,0.119237
0.0230313,-0.107621,-0.0214431,1.94637,-0.0666713,0.120223
0.0229158,-0.107755,-0.0214389,1.94422,-0.0663439,0.121245
0.022784,-0.107872,-0.0214263,1.94229,-0.0659528,0.122301
0.0226364,-0.107973,-0.0214042,1.94056,-0.0655027,0.123389
0.0224738,-0.108057,-0.0213719,1.93905,-0.0649983,0.124506
0.0222971,-0.108123,-0.0213284,1.93775,-0.0644449,0.125651
0.022107,-0.10817,-0.0212731,1.93667,-0.0638478,0.12682
0.0219047,-0.1082,-0.0212051,1.93579,-0.0632129,0.128011
0.0216911,-0.10821,-0.0211237,1.93512,-0.0625461,0.129221
0.0214673,-0.108201,-0.0210282,1.93465,-0.0618536,0.130446
0.0212346,-0.108173,-0.020918,1.93439,-0.0611416,0.131684
0.0209941,-0.108125,-0.0207925,1.93433,-0.0604166,0.132932
0.0207473,-0.108059,-0.0206511,1.93446,-0.059685,0.134186
0.0204953,-0.107972,-0.0204934,1.93478,-0.0589533,0.135443
0.0202398,-0.107867,-0.020319,1.93528,-0.058228,0.136699
0.0199819,-0.107742,-0.0201276,1.93596,-0.0575155,0.137951
0.0197233,-0.107599,-0.0199189,1.9368,-0.0568222,0.139196
0.0194653,-0.107437,-0.0196928,1.93781,-0.0561543,0.140429
0.0192094,-0.107257,-0.0194493,1.93898,-0.0555177,0.141648
0.0189572,-0.10706,-0.0191884,1.94029,-0.0549183,0.142848
0.01871,-0.106847,-0.0189101,1.94173,-0.0543616,0.144027
0.0184694,-0.106617,-0.0186148,1.9433,-0.0538529,0.145181
0.0182367,-0.106372,-0.0183027,1.945,-0.053397,0.146305
0.0180134,-0.106112,-0.0179743,1.9468,-0.0529987,0.147398
0.0178008,-0.105839,-0.01763,1.94869,-0.0526621,0.148454
0.0176003,-0.105553,-0.0172705,1.95068,-0.052391,0.149471
0.0174132,-0.105256,-0.0168965,1.95274,-0.0521888,0.150446
0.0172405,-0.104948,-0.0165087,1.95487,-0.0520583,0.151375
0.0170835,-0.104631,-0.0161082,1.95705,-0.0520022,0.152255
0.0169433,-0.104307,-0.0156958,1.95928,-0.0520222,0.153084
0.0168207,-0.103975,-0.0152727,1.96154,-0.05212,0.153857
0.0167168,-0.103639,-0.01484,1.96382,-0.0522964,0.154573
0.0166323,-0.103298,-0.0143989,1.96612,-0.0525521,0.155229
0.016568,-0.102956,-0.0139507,1.96841,-0.0528869,0.155823
0.0165244,-0.102612,-0.0134968,1.97069,-0.0533004,0.156351
0.016502,-0.102269,-0.0130386,1.97295,-0.0537916,0.156813
0.0165013,-0.101928,-0.0125777,1.97517,-0.054359,0.157205
0.0165226,-0.101591,-0.0121154,1.97736,-0.0550006,0.157528
0.016566,-0.101259,-0.0116533,1.97948,-0.055714,0.157778
0.0166316,-0.100934,-0.0111931,1.98155,-0.0564965,0.157954
0.0167193,-0.100618,-0.0107364,1.98354,-0.0573446,0.158057
0.016829,-0.100311,-0.0102846,1.98544,-0.0582548,0.158084
0.0169605,-0.100016,-0.00983956,1.98726,-0.059223,0.158036
0.0171133,-0.0997348,-0.00940272,1.98897,-0.0602448,0.157912
0.0172869,-0.0994678,-0.00897573,1.99057,-0.0613156,0.157712
0.0174807,-0.099217,-0.00856013,1.99205,-0.0624303,0.157438
0.0176941,-0.0989837,-0.00815746,1.99341,-0.0635838,0.157089
0.0179261,-0.0987693,-0.0077692,1.99464,-0.0647705,0.156666
0.0181759,-0.0985751,-0.0073968,1.99573,-0.0659848,0.156171
0.0184425,-0.0984024,-0.00704162,1.99667,-0.0672208,0.155606
0.0187247,-0.0982523,-0.00670499,1.99746,-0.0684726,0.154972
0.0190213,-0.0981259,-0.00638814,1.9981,-0.069734,0.154272
0.0193311,-0.0980242,-0.00609224,1.99857,-0.070999,0.153509
0.0196528,-0.0979481,-0.00581835,1.99889,-0.0722613,0.152685
0.0199848,-0.0978984,-0.00556748,1.99903,-0.0735147,0.151804
0.0203258,-0.0978758,-0.0053405,1.99901,-0.074753,0.150869
0.0206743,-0.0978808,-0.0051382,1.99882,-0.0759701,0.149885
0.0210285,-0.097914,-0.00496126,1.99845,-0.0771599,0.148855
0.0213869,-0.0979756,-0.00481026,1.99792,-0.0783165,0.147785
0.0217479,-0.0980659,-0.00468566,1.99721,-0.0794338,0.146678
0.0221098,-0.098185,-0.00458782,1.99633,-0.0805064,0.145541
0.0224709,-0.0983328,-0.00451696,1.99527,-0.0815285,0.144378
0.0228294,-0.0985091,-0.0044732,1.99405,-0.082495,0.143196
0.0231838,-0.0987137,-0.00445656,1.99266,-0.0834005,0.141999
0.0235322,-0.0989461,-0.00446692,1.99112,-0.0842403,0.140794
0.0238731,-0.0992058,-0.00450405,1.98941,-0.0850098,0.139588
0.0242048,-0.0994921,-0.00456762,1.98755,-0.0857044,0.138386
0.0245256,-0.099804,-0.00465718,1.98554,-0.0863202,0.137194
0.0248341,-0.100141,-0.00477218,1.98338,-0.0868534,0.13602
0.0251286,-0.100501,-0.00491195,1.98109,-0.0873005,0.13487
0.0254078,-0.100884,-0.00507574,1.97868,-0.0876583,0.13375
0.0256702,-0.101288,-0.00526269,1.97614,-0.087924,0.132667
0.0259144,-0.101712,-0.00547185,1.97348,-0.0880953,0.131628
0.0261394,-0.102154,-0.00570217,1.97072,-0.0881699,0.130638
0.0263437,-0.102613,-0.00595255,1.96787,-0.0881463,0.129705
0.0265265,-0.103086,-0.00622179,1.96492,-0.0880231,0.128833
0.0266868,-0.103573,-0.00650861,1.96191,-0.0877993,0.12803
0.0268235,-0.104071,-0.00681168,1.95882,-0.0874744,0.1273
0.0269361,-0.104578,-0.00712962,1.95568,-0.0870483,0.12665
0.0270238,-0.105093,-0.00746097,1.95249,-0.0865212,0.126084
0.027086,-0.105612,-0.00780423,1.94927,-0.0858939,0.125607
0.0271225,-0.106135,-0.00815789,1.94602,-0.0851673,0.125224
0.0271328,-0.106659,-0.00852036,1.94277,-0.084343,0.124939
0.0271168,-0.107182,-0.00889006,1.93951,-0.0834229,0.124755
0.0270744,-0.107701,-0.00926536,1.93626,-0.0824094,0.124675
0.0270057,-0.108215,-0.00964463,1.93304,-0.0813051,0.124702
0.0269109,-0.108721,-0.0100262,1.92986,-0.0801132,0.124839
0.0267903,-0.109218,-0.0104086,1.92672,-0.0788372,0.125087
0.0266444,-0.109702,-0.0107899,1.92363,-0.0774811,0.125447
0.0264737,-0.110173,-0.0111687,1.92062,-0.0760492,0.12592
0.026279,-0.110628,-0.0115434,1.91769,-0.0745462,0.126505
0.0260609,-0.111065,-0.0119122,1.91485,-0.072977,0.127204
0.0258206,-0.111483,-0.0122738,1.91211,-0.071347,0.128013
0.025559,-0.111879,-0.0126265,1.90948,-0.0696621,0.128932
0.0252772,-0.112252,-0.012969,1.90697,-0.0679281,0.129959
0.0249766,-0.112599,-0.0132997,1.9046,-0.0661514,0.13109
0.0246584,-0.112921,-0.0136173,1.90236,-0.0643386,0.132323
0.0243242,-0.113215,-0.0139204,1.90027,-0.0624964,0.133653
0.0239754,-0.113479,-0.0142079,1.89833,-0.060632,0.135076
0.0236136,-0.113714,-0.0144785,1.89656,-0.0587525,0.136587
0.0232406,-0.113917,-0.0147311,1.89495,-0.0568654,0.13818
0.0228581,-0.114089,-0.0149646,1.89352,-0.0549781,0.13985
0.0224679,-0.114227,-0.0151782,1.89226,-0.0530984,0.14159
0.0220718,-0.114332,-0.0153708,1.89119,-0.0512338,0.143394
0.0216718,-0.114403,-0.0155419,1.8903,-0.0493922,0.145253
0.0212697,-0.114439,-0.0156905,1.88959,-0.0475812,0.147162
0.0208676,-0.114441,-0.0158162,1.88908,-0.0458086,0.149111
0.0204673,-0.114409,-0.0159185,1.88875,-0.0440819,0.151093
0.0200708,-0.114342,-0.0159969,1.88862,-0.0424087,0.1531
0.0196802,-0.114242,-0.0160511,1.88867,-0.0407964,0.155122
0.0192972,-0.114108,-0.0160809,1.88891,-0.0392521,0.157152
0.0189239,-0.11394,-0.0160863,1.88933,-0.0377828,0.15918
0.0185622,-0.113741,-0.0160673,1.88993,-0.0363952,0.161197
0.0182139,-0.11351,-0.0160239,1.8907,-0.0350956,0.163195
0.0178807,-0.113249,-0.0159565,1.89165,-0.0338903,0.165165
0.0175645,-0.112958,-0.0158652,1.89275,-0.0327849,0.167099
0.0172668,-0.11264,-0.0157507,1.89402,-0.0317847,0.168986
0.0169893,-0.112295,-0.0156133,1.89543,-0.0308947,0.17082
0.0167335,-0.111924,-0.0154537,1.89699,-0.0301193,0.172592
0.0165008,-0.111531,-0.0152726,1.89868,-0.0294626,0.174294
0.0162925,-0.111116,-0.015071,1.90049,-0.0289279,0.175918
0.0161098,-0.110681,-0.0148496,1.90241,-0.0285184,0.177458
0.0159539,-0.110228,-0.0146095,1.90444,-0.0282364,0.178905
0.0158257,-0.109759,-0.0143518,1.90655,-0.0280839,0.180254
0.015726,-0.109277,-0.0140775,1.90874,-0.0280621,0.181499
0.0156557,-0.108782,-0.0137881,1.911,-0.0281719,0.182633
0.0156152,-0.108278,-0.0134846,1.91332,-0.0284134,0.183653
0.0156052,-0.107767,-0.0131685,1.91568,-0.0287862,0.184553
0.0156259,-0.107251,-0.0128412,1.91806,-0.0292894,0.18533
0.0156776,-0.106732,-0.0125041,1.92046,-0.0299213,0.18598
0.0157603,-0.106213,-0.0121587,1.92287,-0.0306799,0.1865
0.015874,-0.105695,-0.0118065,1.92526,-0.0315624,0.186888
0.0160183,-0.105182,-0.011449,1.92763,-0.0325657,0.187143
0.0161931,-0.104675,-0.0110878,1.92997,-0.0336859,0.187263
0.0163978,-0.104177,-0.0107245,1.93225,-0.0349187,0.187249
0.0166317,-0.10369,-0.0103605,1.93448,-0.0362594,0.187101
0.0168942,-0.103216,-0.00999735,1.93663,-0.0377026,0.18682
0.0171844,-0.102757,-0.00963665,1.93869,-0.0392427,0.186407
0.0175012,-0.102316,-0.00927984,1.94065,-0.0408735,0.185864
0.0178435,-0.101893,-0.00892838,1.94251,-0.0425885,0.185195
0.01821,-0.101492,-0.00858366,1.94424,-0.0443808,0.184403
0.0185995,-0.101114,-0.00824706,1.94585,-0.0462431,0.183492
0.0190105,-0.100761,-0.00791987,1.94731,-0.048168,0.182466
0.0194413,-0.100433,-0.00760333,1.94863,-0.0501475,0.181332
0.0198904,-0.100134,-0.00729859,1.94978,-0.0521737,0.180093
0.020356,-0.0998635,-0.00700676,1.95078,-0.0542383,0.178758
0.0208362,-0.0996233,-0.00672885,1.9516,-0.056333,0.177331
0.0213293,-0.0994146,-0.00646577,1.95224,-0.0584492,0.175821
0.0218333,-0.0992383,-0.00621836,1.9527,-0.0605785,0.174235
0.022346,-0.0990951,-0.00598737,1.95298,-0.062712,0.17258
0.0228656,-0.0989857,-0.00577343,1.95306,-0.0648413,0.170866
0.02339,-0.0989106,-0.0055771,1.95295,-0.0669576,0.1691
0.023917,-0.0988703,-0.00539882,1.95264,-0.0690524,0.167291
0.0244445,-0.0988648,-0.00523894,1.95214,-0.0711173,0.165448
0.0249704,-0.0988942,-0.00509771,1.95143,-0.073144,0.163581
0.0254926,-0.0989585,-0.00497526,1.95054,-0.0751243,0.161699
0.026009,-0.0990573,-0.00487164,1.94944,-0.0770502,0.159811
0.0265175,-0.0991902,-0.00478681,1.94816,-0.0789141,0.157927
0.0270161,-0.0993566,-0.0047206,1.94669,-0.0807086,0.156056
0.0275027,-0.0995559,-0.00467277,1.94503,-0.0824264,0.154209
0.0279754,-0.0997871,-0.00464299,1.94319,-0.0840608,0.152393
0.0284323,-0.100049,-0.00463083,1.94118,-0.0856053,0.15062
0.0288715,-0.100341,-0.0046358,1.939,-0.0870538,0.148898
0.0292914,-0.100661,-0.00465731,1.93666,-0.0884007,0.147236
0.0296903,-0.101008,-0.00469471,1.93416,-0.0896406,0.145643
0.0300665,-0.101381,-0.00474728,1.93153,-0.0907689,0.144127
0.0304187,-0.101777,-0.00481422,1.92876,-0.0917811,0.142697
0.0307455,-0.102196,-0.00489471,1.92586,-0.0926735,0.141361
0.0310456,-0.102634,-0.00498786,1.92285,-0.0934426,0.140126
0.0313178,-0.103091,-0.00509272,1.91973,-0.0940855,0.139
0.0315613,-0.103564,-0.00520834,1.91652,-0.0946001,0.137989
0.031775,-0.10405,-0.0053337,1.91323,-0.0949843,0.137098
0.0319584,-0.104548,-0.00546778,1.90987,-0.0952371,0.136335
0.0321107,-0.105056,-0.00560954,1.90645,-0.0953577,0.135704
0.0322315,-0.105571,-0.00575791,1.90299,-0.0953458,0.13521
0.0323204,-0.10609,-0.00591183,1.89949,-0.0952019,0.134856
0.0323774,-0.106611,-0.00607023,1.89598,-0.0949269,0.134647
0.0324023,-0.107133,-0.00623206,1.89246,-0.0945222,0.134584
0.0323952,-0.107652,-0.00639626,1.88894,-0.0939898,0.13467
0.0323565,-0.108166,-0.00656179,1.88544,-0.0933322,0.134906
0.0322864,-0.108673,-0.00672764,1.88198,-0.0925524,0.135293
0.0321855,-0.109169,-0.00689283,1.87856,-0.091654,0.135831
0.0320545,-0.109654,-0.00705638,1.8752,-0.0906409,0.136519
0.0318942,-0.110124,-0.00721737,1.87192,-0.0895176,0.137356
0.0317054,-0.110578,-0.00737491,1.86871,-0.0882892,0.13834
0.0314893,-0.111013,-0.00752815,1.8656,-0.086961,0.139468
0.0312471,-0.111426,-0.00767627,1.86259,-0.0855387,0.140736
0.0309799,-0.111817,-0.00781852,1.8597,-0.0840285,0.14214
0.0306893,-0.112182,-0.00795419,1.85694,-0.0824371,0.143676
0.0303767,-0.112521,-0.00808259,1.85432,-0.0807712,0.145337
0.0300437,-0.112831,-0.00820313,1.85185,-0.0790381,0.147118
0.029692,-0.11311,-0.00831524,1.84954,-0.0772452,0.149011
0.0293234,-0.113358,-0.00841842,1.84739,-0.0754002,0.151009
0.0289397,-0.113573,-0.00851221,1.84542,-0.073511,0.153105
0.0285428,-0.113754,-0.00859622,1.84362,-0.0715858,0.155289
0.0281347,-0.113899,-0.0086701,1.84202,-0.0696327,0.157552
0.0277173,-0.114008,-0.00873358,1.84061,-0.06766,0.159885
0.0272928,-0.11408,-0.00878642,1.8394,-0.0656762,0.162278
0.0268632,-0.114114,-0.00882846,1.83839,-0.0636897,0.16472
0.0264306,-0.11411,-0.00885956,1.8376,-0.0617087,0.167201
0.025997,-0.114068,-0.00887967,1.83701,-0.0597418,0.169709
0.0255646,-0.113987,-0.00888877,1.83663,-0.057797,0.172234
0.0251355,-0.113868,-0.0088869,1.83646,-0.0558826,0.174763
0.0247116,-0.113711,-0.00887414,1.83651,-0.0540065,0.177285
0.0242951,-0.113516,-0.00885065,1.83677,-0.0521764,0.179789
0.0238879,-0.113285,-0.00881659,1.83724,-0.0503997,0.182263
0.023492,-0.113017,-0.00877219,1.83792,-0.0486838,0.184694
0.0231091,-0.112713,-0.00871774,1.8388,-0.0470355,0.187072
0.0227413,-0.112376,-0.00865354,1.83988,-0.0454614,0.189386
0.0223901,-0.112005,-0.00857993,1.84116,-0.0439676,0.191623
0.0220572,-0.111604,-0.00849731,1.84262,-0.04256,0.193774
0.0217442,-0.111172,-0.0084061,1.84426,-0.041244,0.195827
0.0214526,-0.110712,-0.00830674,1.84608,-0.0400243,0.197772
0.0211837,-0.110226,-0.00819972,1.84806,-0.0389056,0.1996
0.0209387,-0.109716,-0.00808553,1.8502,-0.0378916,0.201302
0.0207189,-0.109184,-0.00796471,1.85248,-0.036986,0.202869
0.0205251,-0.108633,-0.00783779,1.85489,-0.0361916,0.204292
0.0203584,-0.108064,-0.00770533,1.85743,-0.0355109,0.205566
0.0202193,-0.10748,-0.0075679,1.86007,-0.0349457,0.206682
0.0201087,-0.106883,-0.00742609,1.86281,-0.0344973,0.207635
0.0200269,-0.106278,-0.00728048,1.86564,-0.0341667,0.208421
0.0199743,-0.105665,-0.00713166,1.86853,-0.0339541,0.209034
0.0199512,-0.105048,-0.00698021,1.87148,-0.0338592,0.209471
0.0199576,-0.10443,-0.00682672,1.87446,-0.0338813,0.20973
0.0199934,-0.103813,-0.00667176,1.87747,-0.0340191,0.209809
0.0200584,-0.1032,-0.0065159,1.88049,-0.0342708,0.209707
0.0201524,-0.102595,-0.00635968,1.8835,-0.0346342,0.209425
0.0202748,-0.102,-0.00620364,1.88649,-0.0351065,0.208962
0.020425,-0.101418,-0.0060483,1.88944,-0.0356846,0.208322
0.0206023,-0.100851,-0.00589414,1.89234,-0.0363649,0.207507
0.0208059,-0.100303,-0.00574164,1.89516,-0.0371433,0.206521
0.0210348,-0.0997758,-0.00559123,1.8979,-0.0380156,0.205368
0.0212879,-0.0992723,-0.00544332,1.90054,-0.0389768,0.204054
0.0215639,-0.0987948,-0.00529829,1.90305,-0.0400221,0.202584
0.0218617,-0.0983458,-0.0051565,1.90544,-0.041146,0.200967
0.0221797,-0.0979276,-0.00501825,1.90768,-0.0423428,0.19921
0.0225165,-0.0975423,-0.00488383,1.90977,-0.0436067,0.197322
0.0228705,-0.0971918,-0.00475348,1.91167,-0.0449315,0.195311
0.0232401,-0.0968781,-0.00462741,1.9134,-0.0463109,0.193188
0.0236235,-0.0966027,-0.00450581,1.91493,-0.0477384,0.190962
0.0240189,-0.0963672,-0.00438881,1.91625,-0.0492074,0.188646
0.0244246,-0.0961728,-0.00427651,1.91736,-0.050711,0.18625
0.0248386,-0.0960208,-0.004169,1.91824,-0.0522425,0.183786
0.025259,-0.095912,-0.00406632,1.91889,-0.0537949,0.181265
0.0256838,-0.0958471,-0.00396848,1.91929,-0.0553611,0.178702
0.0261111,-0.0958267,-0.00387547,1.91946,-0.0569342,0.176107
0.026539,-0.095851,-0.00378726,1.91937,-0.0585072,0.173494
0.0269654,-0.0959201,-0.00370377,1.91904,-0.0600729,0.170875
0.0273883,-0.0960338,-0.00362493,1.91845,-0.0616244,0.168263
0.0278059,-0.0961919,-0.00355064,1.9176,-0.0631548,0.16567
0.0282161,-0.0963937,-0.00348078,1.91651,-0.064657,0.163109
0.028617,-0.0966384,-0.00341524,1.91516,-0.0661242,0.160593
0.0290069,-0.096925,-0.00335387,1.91357,-0.0675496,0.158132
0.0293838,-0.0972522,-0.00329654,1.91174,-0.0689266,0.155738
0.029746,-0.0976186,-0.00324312,1.90967,-0.0702485,0.153423
0.0300918,-0.0980226,-0.00319346,1.90738,-0.0715089,0.151197
0.0304196,-0.0984623,-0.00314742,1.90487,-0.0727013,0.149069
0.0307277,-0.0989357,-0.0031049,1.90215,-0.0738194,0.14705
0.0310147,-0.0994406,-0.00306576,1.89924,-0.0748572,0.145148
0.0312792,-0.0999746,-0.00302991,1.89615,-0.0758086,0.143371
0.0315198,-0.100535,-0.00299727,1.89289,-0.0766678,0.141727
0.0317353,-0.10112,-0.00296775,1.88948,-0.077429,0.140221
0.0319246,-0.101725,-0.00294133,1.88594,-0.0780867,0.138859
0.0320867,-0.102349,-0.00291795,1.88228,-0.0786355,0.137647
0.0322206,-0.102988,-0.00289763,1.87852,-0.0790701,0.136588
0.0323254,-0.103639,-0.00288038,1.87469,-0.0793855,0.135686
0.0324005,-0.104299,-0.00286622,1.8708,-0.0795768,0.134941
0.0324453,-0.104965,-0.00285523,1.86687,-0.0796393,0.134357
0.0324592,-0.105632,-0.00284749,1.86292,-0.0795686,0.133933
0.0324419,-0.106299,-0.0028431,1.85899,-0.0793605,0.133668
0.032393,-0.106962,-0.00284218,1.85509,-0.0790108,0.133561
0.0323125,-0.107617,-0.00284487,1.85124,-0.0785158,0.13361
0.0322002,-0.108261,-0.00285133,1.84746,-0.0778721,0.133812
0.0320562,-0.10889,-0.00286173,1.84379,-0.0770763,0.134162
0.0318806,-0.109503,-0.00287624,1.84024,-0.0761255,0.134657
0.0316737,-0.110095,-0.00289505,1.83684,-0.0750171,0.13529
0.0314359,-0.110663,-0.00291834,1.8336,-0.0737488,0.136056
0.0311676,-0.111205,-0.00294629,1.83056,-0.0723185,0.136947
0.0308694,-0.111718,-0.00297908,1.82774,-0.0707248,0.137955
0.0305421,-0.112199,-0.00301688,1.82515,-0.0689663,0.139074
0.0301862,-0.112646,-0.00305984,1.82281,-0.0670422,0.140294
0.0298027,-0.113055,-0.0031081,1.82075,-0.0649522,0.141607
0.0293926,-0.113426,-0.00316175,1.81899,-0.0626962,0.143002
0.0289568,-0.113756,-0.00322089,1.81754,-0.0602749,0.14447
0.0284964,-0.114043,-0.00328556,1.81641,-0.0576891,0.146002
0.0280127,-0.114285,-0.00335579,1.81564,-0.0549404,0.147586
0.0275069,-0.114482,-0.00343153,1.81522,-0.0520307,0.149212
0.0269802,-0.114631,-0.00351273,1.81517,-0.0489625,0.150871
0.0264341,-0.114733,-0.00359926,1.8155,-0.0457389,0.152551
0.0258701,-0.114786,-0.00369096,1.81623,-0.0423634,0.154242
0.0252896,-0.11479,-0.00378762,1.81735,-0.0388403,0.155934
0.0246941,-0.114744,-0.00388896,1.81888,-0.0351741,0.157617
0.0240854,-0.114649,-0.00399467,1.82082,-0.0313701,0.159279
0.0234649,-0.114505,-0.00410435,1.82318,-0.0274342,0.160913
0.0228344,-0.114311,-0.00421758,1.82594,-0.0233726,0.162509
0.0221956,-0.11407,-0.00433387,1.82912,-0.0191923,0.164057
0.0215501,-0.113781,-0.00445267,1.83271,-0.0149007,0.165548
0.0208998,-0.113446,-0.0045734,1.83671,-0.0105057,0.166976
0.0202464,-0.113066,-0.00469541,1.8411,-0.00601571,0.168332
0.0195917,-0.112642,-0.00481801,1.84588,-0.00143972,0.169608
0.0189375,-0.112177,-0.00494047,1.85105,0.00321298,0.170799
0.0182854,-0.111673,-0.00506202,1.85658,0.00793261,0.171899
0.0176374,-0.11113,-0.00518185,1.86247,0.012709,0.172901
0.0169952,-0.110552,-0.00529914,1.86869,0.0175318,0.173801
0.0163604,-0.109942,-0.00541302,1.87524,0.02239,0.174595
0.0157348,-0.109301,-0.00552264,1.8821,0.0272727,0.175279
0.0151202,-0.108632,-0.00562709,1.88925,0.0321687,0.175851
0.0145181,-0.107938,-0.0057255,1.89666,0.0370664,0.176306
0.0139301,-0.107223,-0.00581698,1.90431,0.0419544,0.176644
0.0133579,-0.106488,-0.00590066,1.91219,0.046821,0.176863
0.012803,-0.105738,-0.00597566,1.92027,0.0516547,0.176963
0.0122667,-0.104974,-0.00604117,1.92852,0.0564439,0.176943
0.0117506,-0.104202,-0.00609637,1.93692,0.0611772,0.176804
0.011256,-0.103423,-0.00614049,1.94544,0.0658433,0.176546
0.010784,-0.10264,-0.00617281,1.95406,0.0704311,0.176171
0.0103359,-0.101858,-0.00619264,1.96275,0.0749298,0.175679
0.00991281,-0.101079,-0.00619938,1.97149,0.0793291,0.175075
0.00951572,-0.100306,-0.00619245,1.98024,0.0836189,0.174359
0.00914556,-0.0995428,-0.00617136,1.98899,0.0877895,0.173535
0.00880316,-0.0987918,-0.0061357,1.9977,0.0918318,0.172607
0.00848924,-0.098056,-0.00608511,2.00635,0.0957373,0.171577
0.00820444,-0.0973383,-0.00601932,2.01492,0.0994978,0.170449
0.00794929,-0.0966413,-0.00593814,2.02338,0.103106,0.169228
0.00772419,-0.0959678,-0.00584147,2.03171,0.106555,0.167918
0.00752946,-0.09532,-0.00572929,2.03988,0.109839,0.166523
0.0073653,-0.0947003,-0.00560166,2.04787,0.112953,0.165048
0.0072318,-0.0941109,-0.00545872,2.05567,0.115891,0.163499
0.00712891,-0.0935536,-0.00530073,2.06324,0.11865,0.161879
0.00705652,-0.0930304,-0.005128,2.07058,0.121227,0.160194
0.00701435,-0.0925427,-0.00494094,2.07766,0.12362,0.15845
0.00700205,-0.0920922,-0.00474002,2.08447,0.125827,0.156651
0.00701914,-0.0916799,-0.00452583,2.091,0.127847,0.154804
0.00706503,-0.091307,-0.00429899,2.09723,0.12968,0.152913
0.00713905,-0.0909743,-0.00406022,2.10315,0.131327,0.150984
0.00724039,-0.0906825,-0.00381029,2.10874,0.13279,0.149023
0.00736816,-0.0904321,-0.00355004,2.11401,0.13407,0.147035
0.00752138,-0.0902232,-0.00328036,2.11894,0.135171,0.145026
0.00769898,-0.0900561,-0.0030022,2.12353,0.136096,0.143002
0.00789979,-0.0899305,-0.00271655,2.12776,0.136849,0.140967
0.00812257,-0.0898462,-0.00242443,2.13165,0.137435,0.138929
0.00836601,-0.0898028,-0.00212691,2.13518,0.13786,0.136892
0.00862873,-0.0897995,-0.00182506,2.13836,0.138129,0.134861
0.0089093,-0.0898355,-0.00152,2.14119,0.138249,0.132844
0.00920623,-0.08991,-0.00121283,2.14367,0.138226,0.130844
0.00951799,-0.0900217,-0.000904672,2.1458,0.138068,0.128868
0.00984302,-0.0901694,-0.000596652,2.14759,0.137782,0.126921
0.0101797,-0.0903517,-0.000289878,2.14904,0.137375,0.125008
0.0105265,-0.0905671,1.45545e-05,2.15016,0.136855,0.123136
0.0108817,-0.090814,0.00031557,2.15095,0.136231,0.121308
0.0112437,-0.0910907,0.000612121,2.15143,0.13551,0.11953
0.011611,-0.0913953,0.000903191,2.1516,0.1347,0.117807
0.0119819,-0.0917261,0.0011878,2.15148,0.13381,0.116144
0.0123548,-0.0920811,0.00146502,2.15106,0.132848,0.114546
0.0127283,-0.0924582,0.00173396,2.15037,0.131821,0.113018
0.0131008,-0.0928556,0.0019938,2.14941,0.130737,0.111563
0.013471,-0.0932711,0.00224374,2.14819,0.129603,0.110187
0.0138373,-0.0937027,0.00248308,2.14673,0.128427,0.108892
0.0141986,-0.0941483,0.00271117,2.14504,0.127215,0.107685
0.0145535,-0.094606,0.00292741,2.14311,0.125975,0.106567
0.0149009,-0.0950736,0.00313129,2.14098,0.124711,0.105542
0.0152398,-0.0955493,0.00332237,2.13865,0.12343,0.104615
0.0155691,-0.0960311,0.00350026,2.13612,0.122137,0.103786
0.0158879,-0.096517,0.00366467,2.13341,0.120837,0.10306
0.0161955,-0.0970053,0.00381537,2.13054,0.119533,0.102439
0.0164911,-0.0974941,0.00395219,2.1275,0.11823,0.101925
0.0167743,-0.0979819,0.00407506,2.12431,0.116931,0.101518
0.0170444,-0.0984669,0.00418397,2.12099,0.115639,0.101222
0.0173011,-0.0989477,0.00427897,2.11752,0.114355,0.101037
0.0175441,-0.0994229,0.0043602,2.11394,0.113082,0.100963
0.0177734,-0.099891,0.00442785,2.11024,0.11182,0.101002
0.0179887,-0.100351,0.00448219,2.10643,0.110571,0.101153
0.0181902,-0.100802,0.00452354,2.10251,0.109334,0.101415
0.018378,-0.101242,0.00455228,2.0985,0.108109,0.101789
0.0185524,-0.101671,0.00456887,2.0944,0.106895,0.102272
0.0187136,-0.102088,0.00457379,2.09022,0.105692,0.102865
0.0188622,-0.102492,0.00456759,2.08596,0.104497,0.103564
0.0189986,-0.102883,0.00455087,2.08162,0.103309,0.104368
0.0191235,-0.103259,0.00452426,2.07721,0.102125,0.105274
0.0192374,-0.103622,0.00448844,2.07274,0.100944,0.106279
0.0193412,-0.10397,0.00444411,2.06821,0.0997612,0.107381
0.0194357,-0.104304,0.00439201,2.06361,0.0985748,0.108576
0.0195216,-0.104623,0.0043329,2.05896,0.0973814,0.109859
0.0196,-0.104927,0.00426757,2.05425,0.0961776,0.111228
0.0196716,-0.105216,0.00419683,2.0495,0.0949601,0.112678
0.0197376,-0.105491,0.00412147,2.04469,0.0937254,0.114205
0.0197988,-0.105752,0.00404234,2.03984,0.0924699,0.115803
0.0198564,-0.105999,0.00396024,2.03495,0.0911904,0.117467
0.0199112,-0.106232,0.00387601,2.03001,0.0898834,0.119194
0.0199644,-0.106453,0.00379047,2.02503,0.0885457,0.120977
0.0200169,-0.10666,0.00370443,2.02002,0.0871742,0.122811
0.0200698,-0.106856,0.00361869,2.01497,0.085766,0.124691
0.0201239,-0.10704,0.00353402,2.00989,0.0843184,0.126611
0.0201803,-0.107214,0.00345119,2.00478,0.0828289,0.128566
0.0202399,-0.107377,0.00337094,1.99963,0.0812953,0.13055
0.0203034,-0.107531,0.00329397,1.99447,0.0797159,0.132558
0.0203717,-0.107676,0.00322097,1.98928,0.0780891,0.134584
0.0204456,-0.107813,0.00315258,1.98407,0.0764136,0.136622
0.0205258,-0.107942,0.0030894,1.97885,0.0746888,0.138668
0.0206129,-0.108065,0.00303202,1.97361,0.0729141,0.140716
0.0207074,-0.108181,0.00298094,1.96836,0.0710894,0.142761
0.0208099,-0.108292,0.00293667,1.96311,0.0692153,0.144798
0.0209208,-0.108398,0.00289963,1.95786,0.0672923,0.146823
0.0210404,-0.108501,0.00287023,1.95261,0.0653217,0.14883
0.021169,-0.108599,0.0028488,1.94737,0.063305,0.150816
0.0213067,-0.108695,0.00283564,1.94215,0.0612441,0.152776
0.0214538,-0.108788,0.002831,1.93694,0.0591414,0.154706
0.0216102,-0.108879,0.00283507,1.93175,0.0569995,0.156603
0.0217758,-0.108969,0.002848,1.92659,0.0548216,0.158464
0.0219507,-0.109058,0.00286988,1.92147,0.0526108,0.160285
0.0221344,-0.109146,0.00290075,1.91639,0.050371,0.162063
0.0223269,-0.109234,0.00294061,1.91135,0.0481061,0.163797
0.0225277,-0.109322,0.00298941,1.90637,0.0458203,0.165483
0.0227365,-0.10941,0.00304704,1.90144,0.0435179,0.167121
0.0229528,-0.109498,0.00311337,1.89657,0.0412037,0.168707
0.023176,-0.109587,0.00318819,1.89177,0.0388824,0.170242
0.0234057,-0.109677,0.00327127,1.88705,0.0365589,0.171724
0.0236411,-0.109767,0.00336235,1.8824,0.0342381,0.173153
0.0238817,-0.109858,0.00346112,1.87784,0.0319253,0.174527
0.0241268,-0.10995,0.00356722,1.87337,0.0296253,0.175847
0.0243755,-0.110043,0.00368029,1.86899,0.0273432,0.177112
0.0246273,-0.110137,0.00379991,1.86471,0.025084,0.178324
0.0248812,-0.110231,0.00392566,1.86053,0.0228527,0.179483
0.0251367,-0.110325,0.00405708,1.85646,0.0206539,0.180589
0.0253927,-0.11042,0.0041937,1.8525,0.0184922,0.181644
0.0256487,-0.110514,0.00433502,1.84865,0.0163722,0.182649
0.0259037,-0.110609,0.00448055,1.84493,0.0142979,0.183604
0.0261571,-0.110703,0.00462977,1.84132,0.0122733,0.184513
0.0264081,-0.110796,0.00478216,1.83783,0.0103021,0.185376
0.026656,-0.110889,0.00493721,1.83446,0.00838768,0.186196
0.0269,-0.11098,0.00509439,1.83122,0.00653307,0.186974
0.0271395,-0.11107,0.0052532,1.82811,0.004741,0.187712
0.0273739,-0.111158,0.00541313,1.82512,0.00301386,0.188413
0.0276026,-0.111244,0.00557368,1.82225,0.00135367,0.189079
0.027825,-0.111327,0.00573437,1.81951,-0.000237913,0.189712
0.0280406,-0.111408,0.00589474,1.8169,-0.00175959,0.190314
0.028249,-0.111486,0.00605435,1.8144,-0.00321046,0.190888
0.0284497,-0.11156,0.00621277,1.81203,-0.00458995,0.191436
0.0286424,-0.111631,0.0063696,1.80978,-0.00589788,0.19196
0.0288268,-0.111699,0.00652448,1.80764,-0.00713443,0.192463
0.0290026,-0.111762,0.00667706,1.80561,-0.00830009,0.192947
0.0291696,-0.111821,0.00682703,1.8037,-0.00939571,0.193414
0.0293277,-0.111876,0.0069741,1.80189,-0.0104224,0.193867
0.0294767,-0.111926,0.00711803,1.80018,-0.0113817,0.194306
0.0296167,-0.111971,0.0072586,1.79858,-0.0122753,0.194735
0.0297476,-0.112011,0.00739562,1.79707,-0.0131052,0.195155
0.0298694,-0.112047,0.00752894,1.79565,-0.0138735,0.195568
0.0299824,-0.112077,0.00765845,1.79431,-0.0145827,0.195976
0.0300865,-0.112102,0.00778406,1.79306,-0.0152354,0.196381
0.030182,-0.112121,0.00790571,1.79188,-0.0158343,0.196784
0.0302691,-0.112135,0.0080234,1.79078,-0.0163824,0.197186
0.030348,-0.112144,0.00813712,1.78975,-0.0168825,0.197588
0.0304191,-0.112147,0.00824693,1.78878,-0.0173377,0.197993
0.0304826,-0.112145,0.00835288,1.78786,-0.0177511,0.1984
0.0305389,-0.112138,0.00845509,1.78701,-0.0181259,0.198811
0.0305883,-0.112125,0.00855366,1.7862,-0.0184652,0.199227
0.0306313,-0.112107,0.00864875,1.78544,-0.0187721,0.199649
0.0306682,-0.112084,0.00874052,1.78472,-0.0190496,0.200076
0.0306995,-0.112056,0.00882916,1.78403,-0.0193008,0.20051
0.0307255,-0.112023,0.00891486,1.78338,-0.0195287,0.20095
0.0307468,-0.111986,0.00899786,1.78277,-0.019736,0.201397
0.0307637,-0.111943,0.00907838,1.78217,-0.0199255,0.201851
0.0307768,-0.111897,0.00915666,1.78161,-0.0200999,0.202312
0.0307864,-0.111846,0.00923295,1.78106,-0.0202617,0.202781
0.030793,-0.111791,0.00930751,1.78053,-0.0204131,0.203255
0.030797,-0.111732,0.00938061,1.78002,-0.0205566,0.203736
0.030799,-0.11167,0.0094525,1.77952,-0.0206941,0.204223
0.0307992,-0.111604,0.00952344,1.77903,-0.0208276,0.204716
0.0307982,-0.111535,0.0095937,1.77855,-0.0209589,0.205213
0.0307963,-0.111464,0.00966352,1.77807,-0.0210897,0.205715
0.030794,-0.111389,0.00973316,1.77761,-0.0212213,0.206221
0.0307915,-0.111313,0.00980286,1.77714,-0.0213551,0.206729
0.0307893,-0.111234,0.00987284,1.77668,-0.0214924,0.20724
0.0307877,-0.111153,0.00994333,1.77622,-0.0216342,0.207752
0.0307871,-0.111071,0.0100145,1.77577,-0.0217813,0.208265
0.0307877,-0.110987,0.0100866,1.77531,-0.0219345,0.208778
0.0307897,-0.110902,0.0101598,1.77485,-0.0220945,0.209291
0.0307936,-0.110816,0.0102342,1.7744,-0.0222617,0.209802
0.0307994,-0.110729,0.01031,1.77394,-0.0224365,0.21031
0.0308075,-0.110642,0.0103873,1.77348,-0.0226192,0.210816
0.0308179,-0.110555,0.0104662,1.77301,-0.0228099,0.211319
0.0308309,-0.110468,0.0105468,1.77255,-0.0230086,0.211817
0.0308466,-0.110381,0.0106291,1.77208,-0.0232153,0.212312
0.0308651,-0.110294,0.0107133,1.77161,-0.0234299,0.212801
0.0308865,-0.110209,0.0107993,1.77114,-0.0236521,0.213285
0.0309108,-0.110123,0.0108872,1.77066,-0.0238817,0.213763
0.0309381,-0.110039,0.010977,1.77018,-0.0241182,0.214235
0.0309684,-0.109956,0.0110686,1.7697,-0.0243613,0.214701
0.0310017,-0.109874,0.011162,1.76922,-0.0246105,0.215161
0.031038,-0.109794,0.0112571,1.76873,-0.0248653,0.215615
0.0310773,-0.109715,0.0113539,1.76824,-0.0251252,0.216062
0.0311194,-0.109637,0.0114524,1.76774,-0.0253895,0.216503
0.0311643,-0.109562,0.0115523,1.76725,-0.0256577,0.216938
0.0312119,-0.109488,0.0116536,1.76674,-0.0259292,0.217367
0.0312621,-0.109416,0.0117563,1.76624,-0.0262035,0.217789
0.0313149,-0.109346,0.0118601,1.76573,-0.0264798,0.218206
0.0313699,-0.109277,0.0119649,1.76522,-0.0267577,0.218617
0.0314272,-0.109211,0.0120707,1.7647,-0.0270366,0.219022
0.0314865,-0.109147,0.0121772,1.76417,-0.0273159,0.219422
0.0315477,-0.109085,0.0122843,1.76365,-0.027595,0.219817
0.0316107,-0.109024,0.0123919,1.76311,-0.0278735,0.220207
0.0316753,-0.108966,0.0124998,1.76258,-0.0281508,0.220592
0.0317412,-0.10891,0.0126079,1.76203,-0.0284265,0.220973
0.0318084,-0.108856,0.012716,1.76149,-0.0287002,0.221349
0.0318767,-0.108804,0.012824,1.76093,-0.0289715,0.221721
0.0319459,-0.108754,0.0129317,1.76037,-0.0292399,0.222088
0.0320158,-0.108706,0.0130391,1.75981,-0.029505,0.222452
0.0320863,-0.10866,0.0131459,1.75923,-0.0297666,0.222811
0.0321572,-0.108615,0.0132521,1.75865,-0.0300242,0.223166
0.0322283,-0.108573,0.0133575,1.75807,-0.0302776,0.223517
0.0322994,-0.108532,0.013462,1.75748,-0.0305264,0.223864
0.0323704,-0.108494,0.0135655,1.75688,-0.0307703,0.224206
0.0324412,-0.108457,0.0136678,1.75628,-0.0310089,0.224545
0.0325115,-0.108422,0.013769,1.75567,-0.0312419,0.224879
0.0325813,-0.108388,0.0138689,1.75506,-0.031469,0.225208
0.0326503,-0.108356,0.0139674,1.75443,-0.0316898,0.225534
0.0327185,-0.108326,0.0140645,1.75381,-0.031904,0.225854
0.0327857,-0.108298,0.0141601,1.75318,-0.0321112,0.226169
0.0328517,-0.108271,0.0142542,1.75254,-0.032311,0.22648
0.0329164,-0.108245,0.0143466,1.7519,-0.032503,0.226785
0.0329798,-0.108222,0.0144374,1.75125,-0.0326868,0.227084
0.0330416,-0.108199,0.0145266,1.7506,-0.032862,0.227378
0.0331018,-0.108179,0.0146141,1.74995,-0.0330281,0.227666
0.0331602,-0.10816,0.0146999,1.74929,-0.0331847,0.227948
0.0332169,-0.108142,0.014784,1.74864,-0.0333313,0.228224
0.0332716,-0.108126,0.0148664,1.74798,-0.0334676,0.228493
0.0333242,-0.108112,0.0149472,1.74732,-0.033593,0.228755
0.0333748,-0.108099,0.0150264,1.74666,-0.0337072,0.22901
0.0334233,-0.108087,0.015104,1.746,-0.0338097,0.229257
0.0334695,-0.108078,0.0151801,1.74534,-0.0339002,0.229497
0.0335134,-0.10807,0.0152547,1.74468,-0.0339782,0.229729
0.033555,-0.108063,0.0153278,1.74402,-0.0340434,0.229953
0.0335943,-0.108058,0.0153996,1.74337,-0.0340955,0.230169
0.0336312,-0.108055,0.0154702,1.74272,-0.0341343,0.230375
0.0336658,-0.108054,0.0155396,1.74208,-0.0341595,0.230573
0.0336979,-0.108055,0.0156079,1.74144,-0.0341709,0.230763
0.0337276,-0.108057,0.0156752,1.7408,-0.0341683,0.230942
0.033755,-0.108061,0.0157417,1.74017,-0.0341517,0.231113
0.03378,-0.108067,0.0158074,1.73955,-0.0341209,0.231274
0.0338026,-0.108075,0.0158725,1.73893,-0.034076,0.231426
0.0338229,-0.108085,0.0159371,1.73832,-0.034017,0.231568
0.033841,-0.108097,0.0160014,1.73772,-0.033944,0.231701
0.0338568,-0.108111,0.0160654,1.73713,-0.033857,0.231824
0.0338704,-0.108128,0.0161293,1.73654,-0.0337564,0.231938
0.033882,-0.108146,0.0161933,1.73597,-0.0336422,0.232043
0.0338914,-0.108166,0.0162575,1.7354,-0.0335148,0.232139
0.0338989,-0.108188,0.016322,1.73484,-0.0333745,0.232226
0.0339044,-0.108212,0.016387,1.73428,-0.0332216,0.232304
0.0339081,-0.108238,0.0164527,1.73374,-0.0330565,0.232374
0.0339101,-0.108267,0.0165191,1.73321,-0.0328798,0.232436
0.0339104,-0.108297,0.0165865,1.73268,-0.0326918,0.23249
0.0339091,-0.108329,0.0166549,1.73216,-0.032493,0.232537
0.0339064,-0.108363,0.0167245,1.73166,-0.0322842,0.232577
0.0339023,-0.108399,0.0167955,1.73115,-0.0320658,0.232611
0.0338969,-0.108437,0.016868,1.73066,-0.0318385,0.232639
0.0338904,-0.108476,0.0169421,1.73018,-0.031603,0.232661
0.0338828,-0.108517,0.0170179,1.7297,-0.0313601,0.232678
0.0338744,-0.108559,0.0170956,1.72923,-0.0311105,0.23269
0.0338651,-0.108603,0.0171753,1.72877,-0.0308549,0.232698
0.0338552,-0.108649,0.0172571,1.72831,-0.0305942,0.232702
0.0338448,-0.108695,0.017341,1.72786,-0.0303293,0.232704
0.033834,-0.108742,0.0174273,1.72742,-0.0300611,0.232702
0.033823,-0.108791,0.017516,1.72698,-0.0297903,0.232698
0.0338119,-0.10884,0.0176072,1.72655,-0.0295181,0.232692
0.0338008,-0.10889,0.017701,1.72612,-0.0292451,0.232685
0.0337899,-0.108941,0.0177975,1.72569,-0.0289725,0.232677
0.0337794,-0.108992,0.0178966,1.72527,-0.0287011,0.232668
0.0337693,-0.109044,0.0179986,1.72485,-0.0284319,0.232659
0.0337599,-0.109096,0.0181035,1.72443,-0.0281657,0.232651
0.0337513,-0.109148,0.0182112,1.72401,-0.0279035,0.232643
0.0337436,-0.1092,0.0183219,1.72359,-0.0276462,0.232636
0.033737,-0.109252,0.0184355,1.72318,-0.0273945,0.232631
0.0337316,-0.109303,0.0185522,1.72276,-0.0271494,0.232629
0.0337276,-0.109355,0.0186719,1.72234,-0.0269115,0.232628
0.033725,-0.109406,0.0187946,1.72193,-0.0266816,0.232631
0.0337239,-0.109456,0.0189204,1.7215,-0.0264603,0.232636
0.0337246,-0.109506,0.0190492,1.72108,-0.0262484,0.232645
0.0337271,-0.109555,0.019181,1.72065,-0.0260463,0.232659
0.0337314,-0.109603,0.0193158,1.72022,-0.0258547,0.232676
0.0337378,-0.10965,0.0194536,1.71978,-0.0256738,0.232698
0.0337461,-0.109697,0.0195943,1.71934,-0.0255042,0.232725
0.0337567,-0.109742,0.0197379,1.71889,-0.0253463,0.232757
0.0337694,-0.109787,0.0198844,1.71843,-0.0252002,0.232795
0.0337843,-0.109831,0.0200336,1.71797,-0.0250662,0.232838
0.0338015,-0.109873,0.0201856,1.7175,-0.0249445,0.232887
0.0338211,-0.109915,0.0203402,1.71702,-0.0248354,0.232942
0.033843,-0.109955,0.0204974,1.71653,-0.0247388,0.233002
0.0338673,-0.109995,0.0206572,1.71603,-0.0246548,0.233069
0.033894,-0.110033,0.0208194,1.71553,-0.0245835,0.233141
0.033923,-0.110071,0.020984,1.71501,-0.0245249,0.233219
0.0339544,-0.110107,0.0211508,1.71448,-0.024479,0.233303
0.0339883,-0.110143,0.02132,1.71395,-0.0244457,0.233392
0.0340245,-0.110178,0.0214912,1.7134,-0.024425,0.233487
0.034063,-0.110213,0.0216646,1.71284,-0.0244168,0.233586
0.0341038,-0.110246,0.0218399,1.71227,-0.024421,0.23369
0.034147,-0.11028,0.0220172,1.71168,-0.0244377,0.233798
0.0341924,-0.110313,0.0221963,1.71109,-0.0244666,0.23391
0.0342401,-0.110345,0.0223772,1.71048,-0.0245077,0.234025
0.0342899,-0.110377,0.0225598,1.70987,-0.0245609,0.234142
0.0343419,-0.11041,0.0227441,1.70924,-0.0246262,0.234262
0.034396,-0.110442,0.0229299,1.70859,-0.0247035,0.234384
0.0344521,-0.110474,0.0231174,1.70794,-0.0247928,0.234507
0.0345103,-0.110507,0.0233064,1.70727,-0.0248939,0.234631
0.0345703,-0.11054,0.0234968,1.70659,-0.0250068,0.234755
0.0346323,-0.110573,0.0236887,1.70589,-0.0251314,0.234879
0.0346961,-0.110607,0.023882,1.70519,-0.0252678,0.235002
0.0347617,-0.110642,0.0240767,1.70447,-0.0254158,0.235124
0.034829,-0.110678,0.0242728,1.70373,-0.0255755,0.235244
0.034898,-0.110715,0.0244702,1.70299,-0.0257468,0.235362
0.0349686,-0.110752,0.0246691,1.70223,-0.0259296,0.235478
0.0350407,-0.110791,0.0248693,1.70146,-0.0261239,0.23559
0.0351143,-0.110831,0.0250709,1.70067,-0.0263298,0.2357
0.0351894,-0.110872,0.0252739,1.69987,-0.0265471,0.235806
0.0352659,-0.110915,0.0254784,1.69906,-0.0267759,0.235909
0.0353437,-0.110959,0.0256843,1.69823,-0.0270162,0.236008
0.0354228,-0.111005,0.0258917,1.69739,-0.0272678,0.236103
0.0355031,-0.111052,0.0261006,1.69653,-0.0275307,0.236195
0.0355847,-0.1111,0.0263111,1.69566,-0.0278051,0.236282
0.0356674,-0.11115,0.0265232,1.69478,-0.0280907,0.236365
0.0357513,-0.111202,0.0267369,1.69388,-0.0283876,0.236444
0.0358362,-0.111255,0.0269524,1.69297,-0.0286958,0.23652
0.0359223,-0.11131,0.0271696,1.69205,-0.0290151,0.236592
0.0360093,-0.111366,0.0273886,1.69111,-0.0293455,0.23666
0.0360975,-0.111423,0.0276094,1.69015,-0.029687,0.236725
0.0361866,-0.111482,0.0278321,1.68919,-0.0300395,0.236788
0.0362767,-0.111542,0.0280568,1.68821,-0.0304028,0.236847
0.0363678,-0.111603,0.0282834,1.68722,-0.0307768,0.236905
0.0364599,-0.111665,0.0285121,1.68621,-0.0311613,0.23696
0.0365529,-0.111728,0.0287428,1.68519,-0.0315562,0.237014
0.0366469,-0.111792,0.0289756,1.68416,-0.0319612,0.237067
0.0367418,-0.111857,0.0292105,1.68312,-0.0323761,0.23712
0.0368376,-0.111922,0.0294475,1.68207,-0.0328005,0.237173
0.0369343,-0.111987,0.0296866,1.68101,-0.0332341,0.237226
0.037032,-0.112053,0.0299279,1.67993,-0.0336765,0.237281
0.0371305,-0.112118,0.0301712,1.67885,-0.0341272,0.237337
0.0372298,-0.112184,0.0304167,1.67776,-0.0345858,0.237397
0.0373299,-0.112249,0.0306643,1.67666,-0.0350516,0.237459
0.0374309,-0.112313,0.0309139,1.67555,-0.0355241,0.237525
0.0375326,-0.112377,0.0311654,1.67444,-0.0360026,0.237595
0.037635,-0.112439,0.031419,1.67333,-0.0364864,0.237671
0.0377381,-0.112501,0.0316743,1.6722,-0.0369748,0.237752
0.0378418,-0.112561,0.0319315,1.67108,-0.037467,0.23784
0.0379461,-0.112619,0.0321904,1.66996,-0.0379621,0.237935
0.0380509,-0.112676,0.0324509,1.66883,-0.0384594,0.238036
0.0381562,-0.112731,0.0327128,1.66771,-0.0389579,0.238146
0.0382618,-0.112783,0.0329762,1.66659,-0.0394568,0.238264
0.0383678,-0.112833,0.0332408,1.66547,-0.0399552,0.238391
0.0384741,-0.112881,0.0335065,1.66436,-0.0404521,0.238526
0.0385805,-0.112926,0.0337732,1.66325,-0.0409468,0.23867
0.038687,-0.112968,0.0340408,1.66215,-0.0414383,0.238824
0.0387936,-0.113007,0.034309,1.66106,-0.0419258,0.238987
0.0389002,-0.113043,0.0345778,1.65999,-0.0424085,0.239159
0.0390067,-0.113075,0.034847,1.65892,-0.0428856,0.23934
0.039113,-0.113104,0.0351164,1.65787,-0.0433565,0.23953
0.0392191,-0.113129,0.0353859,1.65683,-0.0438205,0.239729
0.0393249,-0.113151,0.0356552,1.65581,-0.0442769,0.239936
0.0394303,-0.113169,0.0359243,1.6548,-0.0447252,0.24015
0.0395354,-0.113184,0.036193,1.65381,-0.045165,0.240372
0.03964,-0.113194,0.036461,1.65285,-0.0455958,0.2406
0.0397441,-0.113201,0.0367284,1.6519,-0.0460173,0.240834
0.0398477,-0.113204,0.0369948,1.65098,-0.0464292,0.241073
0.0399506,-0.113203,0.0372603,1.65007,-0.0468313,0.241316
0.040053,-0.113199,0.0375245,1.64919,-0.0472236,0.241563
0.0401548,-0.11319,0.0377875,1.64833,-0.0476058,0.241813
0.0402559,-0.113178,0.038049,1.6475,-0.0479781,0.242064
0.0403564,-0.113162,0.038309,1.64669,-0.0483404,0.242316
0.0404561,-0.113143,0.0385673,1.64591,-0.048693,0.242568
0.0405553,-0.11312,0.0388238,1.64515,-0.0490359,0.242819
0.0406537,-0.113093,0.0390785,1.64441,-0.0493694,0.243067
0.0407515,-0.113064,0.0393312,1.6437,-0.0496938,0.243313
0.0408487,-0.113031,0.0395819,1.64302,-0.0500093,0.243555
0.0409453,-0.112995,0.0398305,1.64235,-0.0503164,0.243792
0.0410413,-0.112956,0.040077,1.64172,-0.0506153,0.244024
0.0411367,-0.112915,0.0403213,1.6411,-0.0509065,0.24425
0.0412316,-0.112871,0.0405634,1.64051,-0.0511903,0.244468
0.0413261,-0.112824,0.0408032,1.63993,-0.0514673,0.244679
0.0414201,-0.112775,0.0410407,1.63938,-0.0517378,0.244882
0.0415137,-0.112725,0.041276,1.63885,-0.0520024,0.245076
0.041607,-0.112672,0.041509,1.63833,-0.0522613,0.24526
0.0417,-0.112618,0.0417398,1.63783,-0.0525153,0.245435
0.0417929,-0.112562,0.0419684,1.63735,-0.0527645,0.2456
0.0418856,-0.112505,0.0421948,1.63688,-0.0530096,0.245754
0.0419782,-0.112446,0.042419,1.63642,-0.0532509,0.245898
0.0420708,-0.112387,0.0426411,1.63597,-0.0534888,0.246032
0.0421634,-0.112327,0.0428612,1.63554,-0.0537238,0.246155
0.0422562,-0.112267,0.0430793,1.63511,-0.053956,0.246268
0.0423491,-0.112206,0.0432955,1.63469,-0.054186,0.24637
0.0424423,-0.112144,0.0435098,1.63427,-0.0544139,0.246463
0.0425358,-0.112083,0.0437224,1.63386,-0.0546401,0.246546
0.0426296,-0.112022,0.0439333,1.63344,-0.0548646,0.246621
0.0427239,-0.111961,0.0441427,1.63303,-0.0550877,0.246687
0.0428186,-0.111901,0.0443505,1.63262,-0.0553096,0.246745
0.0429137,-0.111841,0.0445569,1.6322,-0.0555301,0.246796
0.0430094,-0.111782,0.044762,1.63178,-0.0557494,0.246841
0.0431057,-0.111723,0.0449658,1.63135,-0.0559675,0.24688
0.0432025,-0.111666,0.0451685,1.63091,-0.0561841,0.246916
0.0432998,-0.111609,0.0453701,1.63047,-0.0563992,0.246947
0.0433977,-0.111554,0.0455707,1.63001,-0.0566126,0.246977
0.0434962,-0.1115,0.0457704,1.62955,-0.0568239,0.247005
0.0435951,-0.111447,0.0459692,1.62907,-0.057033,0.247033
0.0436946,-0.111395,0.0461673,1.62858,-0.0572395,0.247062
0.0437944,-0.111345,0.0463646,1.62808,-0.0574429,0.247094
0.0438947,-0.111296,0.0465613,1.62756,-0.0576429,0.247129
0.0439953,-0.111249,0.0467573,1.62703,-0.057839,0.247168
0.0440961,-0.111203,0.0469528,1.62649,-0.0580308,0.247213
0.0441971,-0.111158,0.0471477,1.62593,-0.0582178,0.247264
0.0442982,-0.111115,0.0473422,1.62535,-0.0583994,0.247324
0.0443993,-0.111074,0.0475361,1.62476,-0.0585752,0.247392
0.0445003,-0.111033,0.0477296,1.62415,-0.0587448,0.24747
0.044601,-0.110995,0.0479226,1.62353,-0.0589075,0.247559
0.0447014,-0.110957,0.0481151,1.62289,-0.0590631,0.247659
0.0448014,-0.110921,0.0483072,1.62224,-0.0592109,0.247771
0.0449008,-0.110886,0.0484988,1.62157,-0.0593507,0.247896
0.0449996,-0.110852,0.04869,1.6209,-0.0594821,0.248035
0.0450975,-0.11082,0.0488806,1.6202,-0.0596046,0.248187
0.0451946,-0.110788,0.0490707,1.6195,-0.0597182,0.248353
0.0452907,-0.110758,0.0492603,1.61879,-0.0598224,0.248534
0.0453856,-0.110728,0.0494494,1.61806,-0.0599172,0.248729
0.0454793,-0.1107,0.0496378,1.61733,-0.0600024,0.248938
0.0455716,-0.110672,0.0498256,1.61659,-0.0600779,0.249162
0.0456626,-0.110644,0.0500127,1.61585,-0.0601437,0.2494
0.045752,-0.110618,0.0501992,1.61509,-0.0601999,0.249652
0.0458397,-0.110591,0.0503849,1.61434,-0.0602466,0.249918
0.0459258,-0.110566,0.0505698,1.61358,-0.0602838,0.250197
0.0460102,-0.11054,0.0507539,1.61282,-0.0603119,0.250488
0.0460927,-0.110515,0.0509371,1.61206,-0.0603311,0.250792
0.0461734,-0.11049,0.0511194,1.6113,-0.0603416,0.251106
0.0462521,-0.110465,0.0513008,1.61054,-0.060344,0.251432
0.046329,-0.11044,0.0514812,1.60978,-0.0603385,0.251767
0.0464038,-0.110415,0.0516606,1.60903,-0.0603257,0.252111
0.0464767,-0.11039,0.0518389,1.60829,-0.0603061,0.252462
0.0465476,-0.110364,0.0520161,1.60755,-0.0602802,0.252821
0.0466165,-0.110339,0.0521922,1.60682,-0.0602487,0.253186
0.0466835,-0.110312,0.0523672,1.6061,-0.0602121,0.253555
0.0467486,-0.110286,0.052541,1.60539,-0.0601712,0.253929
0.0468118,-0.110258,0.0527135,1.60469,-0.0601267,0.254305
0.0468732,-0.110231,0.0528849,1.604,-0.0600792,0.254684
0.0469328,-0.110202,0.053055,1.60332,-0.0600295,0.255062
0.0469908,-0.110173,0.0532238,1.60266,-0.0599784,0.255441
0.0470471,-0.110143,0.0533913,1.60201,-0.0599266,0.255818
0.047102,-0.110112,0.0535576,1.60138,-0.0598751,0.256193
0.0471554,-0.11008,0.0537225,1.60076,-0.0598244,0.256565
0.0472075,-0.110048,0.0538861,1.60016,-0.0597755,0.256933
0.0472584,-0.110014,0.0540484,1.59957,-0.0597291,0.257295
0.0473081,-0.10998,0.0542094,1.599,-0.0596861,0.257652
0.0473569,-0.109944,0.0543691,1.59844,-0.059647,0.258002
0.0474048,-0.109908,0.0545275,1.5979,-0.0596127,0.258345
0.047452,-0.10987,0.0546846,1.59738,-0.0595839,0.25868
0.0474985,-0.109832,0.0548405,1.59687,-0.0595612,0.259007
0.0475446,-0.109792,0.0549951,1.59638,-0.0595453,0.259325
0.0475902,-0.109751,0.0551485,1.5959,-0.0595368,0.259633
0.0476356,-0.10971,0.0553007,1.59544,-0.0595361,0.259933
0.0476808,-0.109667,0.0554518,1.59499,-0.0595438,0.260222
0.0477259,-0.109624,0.0556017,1.59456,-0.0595604,0.260502
0.0477711,-0.109579,0.0557505,1.59414,-0.0595861,0.260772
0.0478164,-0.109534,0.0558983,1.59374,-0.0596214,0.261032
0.0478619,-0.109487,0.0560451,1.59335,-0.0596664,0.261283
0.0479078,-0.10944,0.0561909,1.59297,-0.0597215,0.261524
0.047954,-0.109392,0.0563359,1.5926,-0.0597867,0.261756
0.0480007,-0.109343,0.0564799,1.59224,-0.0598621,0.26198
0.0480479,-0.109293,0.0566232,1.59189,-0.0599479,0.262195
0.0480956,-0.109243,0.0567656,1.59155,-0.0600439,0.262402
0.048144,-0.109191,0.0569074,1.59122,-0.0601501,0.262601
0.0481929,-0.10914,0.0570486,1.5909,-0.0602663,0.262794
0.0482426,-0.109087,0.0571892,1.59058,-0.0603925,0.262981
0.0482928,-0.109035,0.0573292,1.59027,-0.0605283,0.263163
0.0483438,-0.108981,0.0574688,1.58997,-0.0606735,0.263339
0.0483953,-0.108928,0.057608,1.58966,-0.0608278,0.263512
0.0484476,-0.108874,0.0577468,1.58937,-0.0609908,0.263681
0.0485004,-0.10882,0.0578853,1.58907,-0.0611622,0.263847
0.0485538,-0.108765,0.0580237,1.58878,-0.0613415,0.264012
0.0486077,-0.108711,0.0581618,1.58848,-0.0615283,0.264175
0.0486622,-0.108656,0.0582998,1.58819,-0.0617222,0.264338
0.048717,-0.108602,0.0584377,1.5879,-0.0619226,0.264501
0.0487723,-0.108548,0.0585756,1.58761,-0.0621291,0.264665
0.0488278,-0.108493,0.0587136,1.58731,-0.0623412,0.26483
0.0488836,-0.108439,0.0588516,1.58702,-0.0625583,0.264997
0.0489396,-0.108386,0.0589897,1.58672,-0.0627798,0.265167
0.0489956,-0.108332,0.0591279,1.58642,-0.0630054,0.26534
0.0490516,-0.10828,0.0592663,1.58612,-0.0632345,0.265516
0.0491075,-0.108227,0.0594049,1.58582,-0.0634664,0.265696
0.0491633,-0.108176,0.0595436,1.58551,-0.0637009,0.26588
0.0492188,-0.108125,0.0596826,1.5852,-0.0639373,0.266068
0.0492739,-0.108075,0.0598219,1.58488,-0.0641751,0.26626
0.0493285,-0.108025,0.0599613,1.58457,-0.064414,0.266458
0.0493827,-0.107977,0.060101,1.58425,-0.0646534,0.26666
0.0494362,-0.107929,0.0602409,1.58392,-0.064893,0.266866
0.049489,-0.107883,0.060381,1.5836,-0.0651323,0.267077
0.049541,-0.107837,0.0605213,1.58327,-0.0653709,0.267293
0.0495922,-0.107793,0.0606618,1.58293,-0.0656085,0.267513
0.0496424,-0.10775,0.0608024,1.5826,-0.0658447,0.267737
0.0496915,-0.107708,0.0609431,1.58226,-0.0660793,0.267965
0.0497397,-0.107667,0.0610839,1.58192,-0.0663119,0.268196
0.0497866,-0.107628,0.0612248,1.58158,-0.0665423,0.268431
0.0498323,-0.107591,0.0613656,1.58123,-0.0667702,0.268668
0.0498768,-0.107554,0.0615063,1.58089,-0.0669954,0.268907
0.04992,-0.10752,0.0616469,1.58054,-0.0672177,0.269149
0.0499618,-0.107487,0.0617874,1.58019,-0.067437,0.269392
0.0500022,-0.107455,0.0619276,1.57985,-0.0676531,0.269636
0.0500412,-0.107425,0.0620676,1.5795,-0.0678658,0.26988
0.0500787,-0.107397,0.0622072,1.57915,-0.0680751,0.270124
0.0501147,-0.107371,0.0623465,1.5788,-0.0682808,0.270368
0.0501492,-0.107346,0.0624852,1.57845,-0.068483,0.27061
0.0501823,-0.107323,0.0626235,1.57811,-0.0686816,0.270851
0.0502137,-0.107302,0.0627612,1.57776,-0.0688766,0.27109
0.0502437,-0.107283,0.0628984,1.57742,-0.0690679,0.271327
0.0502721,-0.107265,0.0630348,1.57708,-0.0692557,0.27156
0.050299,-0.10725,0.0631706,1.57674,-0.0694399,0.27179
0.0503244,-0.107236,0.0633056,1.5764,-0.0696207,0.272016
0.0503483,-0.107224,0.0634398,1.57606,-0.0697981,0.272238
0.0503707,-0.107213,0.0635732,1.57573,-0.0699722,0.272455
0.0503917,-0.107205,0.0637057,1.5754,-0.0701431,0.272667
0.0504113,-0.107198,0.0638374,1.57507,-0.070311,0.272874
0.0504294,-0.107193,0.0639681,1.57474,-0.070476,0.273075
0.0504462,-0.107189,0.064098,1.57442,-0.0706382,0.273269
0.0504617,-0.107188,0.064227,1.5741,-0.070798,0.273458
0.0504759,-0.107188,0.064355,1.57379,-0.0709553,0.27364
0.0504888,-0.107189,0.0644821,1.57347,-0.0711105,0.273815
0.0505005,-0.107192,0.0646083,1.57316,-0.0712637,0.273983
0.0505111,-0.107197,0.0647337,1.57286,-0.0714151,0.274144
0.0505206,-0.107203,0.0648581,1.57255,-0.071565,0.274298
0.050529,-0.10721,0.0649817,1.57225,-0.0717135,0.274444
0.0505365,-0.107219,0.0651045,1.57196,-0.0718608,0.274583
0.0505429,-0.107229,0.0652266,1.57166,-0.0720073,0.274715
0.0505485,-0.10724,0.0653479,1.57137,-0.072153,0.274839
0.0505532,-0.107253,0.0654685,1.57108,-0.0722983,0.274956
0.0505571,-0.107266,0.0655885,1.5708,-0.0724432,0.275065
0.0505603,-0.107281,0.0657079,1.57052,-0.0725882,0.275168
0.0505629,-0.107297,0.0658267,1.57024,-0.0727332,0.275263
0.0505648,-0.107313,0.0659452,1.56996,-0.0728786,0.275351
0.0505661,-0.10733,0.0660632,1.56969,-0.0730246,0.275433
0.050567,-0.107349,0.0661809,1.56942,-0.0731712,0.275508
0.0505675,-0.107368,0.0662983,1.56915,-0.0733189,0.275576
0.0505676,-0.107387,0.0664156,1.56889,-0.0734676,0.275639
0.0505674,-0.107408,0.0665327,1.56863,-0.0736176,0.275695
0.0505669,-0.107428,0.0666498,1.56836,-0.073769,0.275746
0.0505663,-0.10745,0.0667669,1.56811,-0.0739221,0.275792
0.0505656,-0.107471,0.0668841,1.56785,-0.074077,0.275832
0.0505649,-0.107493,0.0670015,1.5676,-0.0742339,0.275868
0.0505643,-0.107516,0.0671192,1.56735,-0.0743928,0.275899
0.0505638,-0.107539,0.0672371,1.5671,-0.074554,0.275927
0.0505635,-0.107562,0.0673555,1.56685,-0.0747177,0.275951
0.0505635,-0.107585,0.0674742,1.5666,-0.0748838,0.275971
0.0505638,-0.107608,0.0675935,1.56636,-0.0750527,0.275989
0.0505646,-0.107631,0.0677133,1.56612,-0.0752244,0.276004
0.0505659,-0.107654,0.0678337,1.56587,-0.075399,0.276017
0.0505679,-0.107678,0.0679547,1.56564,-0.0755767,0.276028
0.0505705,-0.107701,0.0680765,1.5654,-0.0757576,0.276038
0.0505739,-0.107724,0.068199,1.56516,-0.0759418,0.276046
0.0505781,-0.107746,0.0683222,1.56493,-0.0761295,0.276053
0.0505833,-0.107769,0.0684462,1.56469,-0.0763206,0.276061
0.0505894,-0.107791,0.068571,1.56446,-0.0765153,0.276068
0.0505967,-0.107813,0.0686966,1.56423,-0.0767137,0.276075
0.0506051,-0.107835,0.068823,1.564,-0.0769159,0.276083
0.0506147,-0.107856,0.0689502,1.56378,-0.0771218,0.276091
0.0506256,-0.107877,0.0690782,1.56355,-0.0773316,0.276101
0.0506379,-0.107897,0.069207,1.56332,-0.0775452,0.276112
0.0506515,-0.107917,0.0693365,1.5631,-0.0777627,0.276125
0.0506667,-0.107936,0.0694667,1.56288,-0.077984,0.27614
0.0506833,-0.107954,0.0695975,1.56266,-0.0782092,0.276157
0.0507015,-0.107972,0.069729,1.56244,-0.078438,0.276176
0.0507213,-0.107989,0.069861,1.56222,-0.0786706,0.276198
0.0507426,-0.108005,0.0699934,1.562,-0.0789067,0.276223
0.0507656,-0.108021,0.0701263,1.56179,-0.0791462,0.276251
0.0507902,-0.108035,0.0702594,1.56157,-0.079389,0.276281
0.0508164,-0.108049,0.0703927,1.56136,-0.0796348,0.276315
0.0508442,-0.108061,0.0705262,1.56114,-0.0798835,0.276353
0.0508737,-0.108073,0.0706596,1.56093,-0.0801348,0.276394
0.0509046,-0.108083,0.070793,1.56072,-0.0803884,0.276438
0.0509371,-0.108092,0.0709261,1.56051,-0.080644,0.276486
0.0509711,-0.1081,0.0710589,1.56031,-0.0809012,0.276538
0.0510064,-0.108107,0.0711911,1.5601,-0.0811598,0.276593
0.0510432,-0.108113,0.0713228,1.55989,-0.0814193,0.276653
0.0510811,-0.108118,0.0714537,1.55969,-0.0816793,0.276716
0.0511203,-0.108121,0.0715837,1.55949,-0.0819393,0.276782
0.0511605,-0.108123,0.0717127,1.55928,-0.082199,0.276853
0.0512017,-0.108123,0.0718405,1.55908,-0.0824578,0.276926
0.0512438,-0.108122,0.071967,1.55888,-0.0827152,0.277004
0.0512866,-0.10812,0.0720921,1.55868,-0.0829709,0.277085
0.05133,-0.108116,0.0722156,1.55848,-0.0832241,0.277169
0.051374,-0.108111,0.0723374,1.55829,-0.0834745,0.277257
0.0514183,-0.108104,0.0724573,1.55809,-0.0837216,0.277347
0.0514628,-0.108096,0.0725752,1.55789,-0.0839647,0.277441
0.0515075,-0.108087,0.0726911,1.5577,-0.0842035,0.277537
0.0515521,-0.108076,0.0728048,1.55751,-0.0844373,0.277636
0.0515965,-0.108064,0.0729161,1.55731,-0.0846659,0.277737
0.0516405,-0.10805,0.0730251,1.55712,-0.0848886,0.277841
0.0516842,-0.108035,0.0731316,1.55693,-0.085105,0.277946
0.0517272,-0.108019,0.0732355,1.55675,-0.0853148,0.278054
0.0517695,-0.108001,0.0733368,1.55656,-0.0855175,0.278163
0.0518109,-0.107982,0.0734354,1.55637,-0.0857127,0.278273
0.0518514,-0.107962,0.0735312,1.55619,-0.0859003,0.278385
0.0518907,-0.107941,0.0736243,1.556,-0.0860798,0.278498
0.0519289,-0.107918,0.0737146,1.55582,-0.086251,0.278612
0.0519658,-0.107894,0.0738021,1.55564,-0.0864138,0.278726
0.0520013,-0.107869,0.0738868,1.55546,-0.0865679,0.278841
0.0520353,-0.107843,0.0739688,1.55529,-0.0867133,0.278956
0.0520677,-0.107816,0.0740481,1.55511,-0.08685,0.279071
0.0520985,-0.107787,0.0741247,1.55494,-0.0869778,0.279187
0.0521277,-0.107758,0.0741986,1.55476,-0.0870968,0.279302
0.0521552,-0.107728,0.0742701,1.55459,-0.0872072,0.279417
0.052181,-0.107696,0.0743391,1.55442,-0.0873091,0.279533
0.052205,-0.107664,0.0744058,1.55426,-0.0874026,0.279647
0.0522272,-0.107631,0.0744703,1.55409,-0.0874881,0.279762
0.0522477,-0.107597,0.0745327,1.55393,-0.0875658,0.279876
0.0522665,-0.107562,0.0745931,1.55377,-0.087636,0.279989
0.0522836,-0.107526,0.0746518,1.55361,-0.0876992,0.280103
0.052299,-0.107489,0.0747089,1.55345,-0.0877558,0.280216
0.0523129,-0.107451,0.0747645,1.55329,-0.0878063,0.280329
0.0523252,-0.107413,0.0748189,1.55314,-0.0878512,0.280442
0.052336,-0.107373,0.0748722,1.55298,-0.087891,0.280555
0.0523454,-0.107332,0.0749247,1.55283,-0.0879264,0.280668
0.0523535,-0.107291,0.0749765,1.55268,-0.0879579,0.280782
0.0523603,-0.107248,0.0750279,1.55254,-0.0879862,0.280896
0.0523661,-0.107204,0.0750791,1.55239,-0.088012,0.281012
0.0523709,-0.107159,0.0751303,1.55225,-0.088036,0.281128
0.0523747,-0.107112,0.0751817,1.55211,-0.0880587,0.281246
0.0523778,-0.107064,0.0752335,1.55197,-0.0880811,0.281365
0.0523802,-0.107015,0.075286,1.55183,-0.0881036,0.281486
0.052382,-0.106964,0.0753394,1.5517,-0.0881271,0.28161
0.0523834,-0.106911,0.0753938,1.55156,-0.0881523,0.281736
0.0523845,-0.106857,0.0754496,1.55143,-0.0881799,0.281866
0.0523855,-0.106801,0.0755069,1.5513,-0.0882104,0.281998
0.0523863,-0.106742,0.0755659,1.55117,-0.0882447,0.282135
0.0523872,-0.106681,0.0756267,1.55105,-0.0882833,0.282276
0.0523882,-0.106618,0.0756897,1.55093,-0.0883269,0.282422
0.0523895,-0.106552,0.0757548,1.55081,-0.088376,0.282573
0.0523912,-0.106483,0.0758224,1.55069,-0.0884313,0.282729
0.0523933,-0.106411,0.0758925,1.55058,-0.0884932,0.282892
0.052396,-0.106336,0.0759653,1.55046,-0.0885622,0.283061
0.0523993,-0.106257,0.0760409,1.55036,-0.0886388,0.283237
0.0524034,-0.106174,0.0761194,1.55025,-0.0887234,0.28342
0.0524082,-0.106088,0.076201,1.55015,-0.0888163,0.283611
0.0524139,-0.105997,0.0762855,1.55006,-0.0889179,0.283811
0.0524205,-0.105902,0.0763733,1.54997,-0.0890285,0.28402
0.052428,-0.105802,0.0764642,1.54988,-0.0891483,0.284238
0.0524366,-0.105697,0.0765584,1.5498,-0.0892774,0.284466
0.0524462,-0.105587,0.0766557,1.54973,-0.089416,0.284704
0.0524568,-0.105471,0.0767564,1.54966,-0.0895642,0.284953
0.0524685,-0.105349,0.0768602,1.5496,-0.0897221,0.285214
0.0524813,-0.105221,0.0769673,1.54955,-0.0898895,0.285486
0.0524951,-0.105086,0.0770775,1.5495,-0.0900664,0.285771
0.0525101,-0.104945,0.0771908,1.54946,-0.0902528,0.286068
0.0525261,-0.104797,0.0773072,1.54943,-0.0904485,0.286379
0.0525431,-0.104641,0.0774265,1.54941,-0.0906532,0.286704
0.0525612,-0.104478,0.0775487,1.5494,-0.0908668,0.287042
0.0525802,-0.104306,0.0776736,1.5494,-0.091089,0.287396
0.0526003,-0.104127,0.0778012,1.54941,-0.0913195,0.287765
0.0526212,-0.103939,0.0779312,1.54942,-0.0915578,0.28815
0.0526431,-0.103742,0.0780637,1.54945,-0.0918037,0.288551
0.0526658,-0.103536,0.0781984,1.54949,-0.0920567,0.288968
0.0526893,-0.103321,0.0783351,1.54954,-0.0923163,0.289403
0.0527135,-0.103096,0.0784738,1.54961,-0.0925822,0.289855
0.0527385,-0.102861,0.0786143,1.54968,-0.0928539,0.290326
0.0527641,-0.102617,0.0787563,1.54977,-0.0931307,0.290814
0.0527903,-0.102362,0.0788998,1.54987,-0.0934123,0.291322
0.0528171,-0.102097,0.0790446,1.54998,-0.0936982,0.291849
0.0528443,-0.101822,0.0791904,1.5501,-0.0939877,0.292395
0.0528721,-0.101536,0.0793371,1.55024,-0.0942804,0.292961
0.0529003,-0.101239,0.0794846,1.55038,-0.0945757,0.293548
0.0529288,-0.100931,0.0796326,1.55054,-0.0948731,0.294155
0.0529577,-0.100612,0.079781,1.55072,-0.0951722,0.294783
0.0529869,-0.100282,0.0799297,1.5509,-0.0954723,0.295431
0.0530164,-0.0999406,0.0800783,1.5511,-0.095773,0.296101
0.0530461,-0.0995884,0.0802269,1.5513,-0.0960739,0.296792
0.053076,-0.0992251,0.0803752,1.55152,-0.0963745,0.297504
0.0531061,-0.0988508,0.080523,1.55175,-0.0966742,0.298238
0.0531365,-0.0984654,0.0806703,1.55199,-0.0969728,0.298992
0.0531669,-0.0980691,0.0808168,1.55224,-0.0972698,0.299768
0.0531976,-0.097662,0.0809625,1.5525,-0.0975649,0.300566
0.0532284,-0.0972442,0.0811071,1.55277,-0.0978577,0.301383
0.0532593,-0.0968159,0.0812505,1.55305,-0.0981479,0.302222
0.0532903,-0.0963772,0.0813927,1.55334,-0.0984351,0.303081
0.0533216,-0.0959285,0.0815335,1.55364,-0.0987192,0.303959
0.0533529,-0.0954699,0.0816728,1.55394,-0.0989999,0.304858
0.0533845,-0.0950016,0.0818105,1.55425,-0.099277,0.305775
0.0534162,-0.0945241,0.0819465,1.55457,-0.0995502,0.30671
0.0534481,-0.0940376,0.0820806,1.5549,-0.0998195,0.307663
0.0534802,-0.0935423,0.0822128,1.55523,-0.100085,0.308633
0.0535125,-0.0930388,0.0823431,1.55557,-0.100346,0.309619
0.0535451,-0.0925273,0.0824713,1.55592,-0.100602,0.310621
0.0535779,-0.0920083,0.0825973,1.55627,-0.100854,0.311637
0.053611,-0.0914822,0.0827211,1.55662,-0.101102,0.312667
0.0536444,-0.0909494,0.0828427,1.55698,-0.101345,0.313709
0.0536781,-0.0904103,0.082962,1.55735,-0.101583,0.314762
0.0537122,-0.0898655,0.0830789,1.55771,-0.101817,0.315826
0.0537466,-0.0893154,0.0831933,1.55808,-0.102046,0.316899
0.0537813,-0.0887605,0.0833054,1.55846,-0.102271,0.31798
0.0538165,-0.0882013,0.0834149,1.55883,-0.10249,0.319068
0.0538521,-0.0876383,0.0835219,1.55921,-0.102706,0.320161
0.053888,-0.0870721,0.0836264,1.55959,-0.102916,0.321258
0.0539244,-0.0865031,0.0837283,1.55997,-0.103122,0.322359
0.0539612,-0.0859318,0.0838276,1.56036,-0.103323,0.323461
0.0539985,-0.0853589,0.0839243,1.56074,-0.103519,0.324563
0.0540362,-0.0847848,0.0840184,1.56113,-0.103711,0.325664
0.0540743,-0.0842101,0.0841098,1.56151,-0.103898,0.326763
0.0541129,-0.0836352,0.0841987,1.5619,-0.10408,0.327857
0.0541519,-0.0830608,0.0842849,1.56228,-0.104257,0.328947
0.0541913,-0.0824872,0.0843684,1.56266,-0.10443,0.330031
0.0542311,-0.0819151,0.0844493,1.56305,-0.104597,0.331106
0.0542713,-0.0813448,0.0845275,1.56343,-0.10476,0.332173
0.0543119,-0.080777,0.0846031,1.56381,-0.104917,0.33323
0.0543527,-0.0802119,0.0846759,1.56419,-0.105069,0.334276
0.0543939,-0.0796502,0.0847462,1.56456,-0.105215,0.335309
0.0544354,-0.0790922,0.0848137,1.56494,-0.105356,0.336329
0.0544771,-0.0785384,0.0848785,1.56531,-0.105491,0.337334
0.054519,-0.0779891,0.0849406,1.56568,-0.10562,0.338323
0.054561,-0.0774447,0.085,1.56604,-0.105743,0.339297
0.0546032,-0.0769056,0.0850566,1.56641,-0.10586,0.340253
0.0546453,-0.0763721,0.0851104,1.56677,-0.105969,0.341191
0.0546875,-0.0758445,0.0851614,1.56712,-0.106072,0.34211
0.0547296,-0.0753231,0.0852095,1.56748,-0.106168,0.343009
0.0547716,-0.0748082,0.0852547,1.56783,-0.106256,0.343888
0.0548134,-0.0743,0.085297,1.56818,-0.106336,0.344747
0.0548548,-0.0737987,0.0853361,1.56853,-0.106409,0.345584
0.054896,-0.0733044,0.0853722,1.56887,-0.106472,0.3464
0.0549367,-0.0728174,0.0854051,1.56921,-0.106527,0.347193
0.0549769,-0.0723377,0.0854347,1.56956,-0.106572,0.347964
0.0550165,-0.0718654,0.0854609,1.5699,-0.106608,0.348712
0.0550554,-0.0714007,0.0854836,1.57024,-0.106633,0.349437
0.0550935,-0.0709435,0.0855027,1.57059,-0.106648,0.350139
0.0551308,-0.0704939,0.085518,1.57093,-0.106652,0.350818
0.055167,-0.0700518,0.0855295,1.57128,-0.106645,0.351473
0.0552022,-0.0696172,0.0855369,1.57164,-0.106626,0.352105
0.0552362,-0.06919,0.0855401,1.572,-0.106594,0.352713
0.0552688,-0.0687701,0.085539,1.57236,-0.10655,0.353297
0.0553001,-0.0683574,0.0855333,1.57274,-0.106492,0.353857
0.0553297,-0.0679518,0.0855229,1.57313,-0.106421,0.354394
0.0553578,-0.0675531,0.0855077,1.57353,-0.106335,0.354908
0.055384,-0.0671611,0.0854873,1.57395,-0.106234,0.355397
0.0554083,-0.0667755,0.0854616,1.57439,-0.106118,0.355863
0.0554305,-0.0663962,0.0854304,1.57485,-0.105986,0.356305
0.0554505,-0.0660229,0.0853935,1.57533,-0.105837,0.356724
0.0554682,-0.0656553,0.0853507,1.57583,-0.105672,0.357118
0.0554833,-0.0652932,0.0853018,1.57637,-0.105488,0.357489
0.0554959,-0.0649363,0.0852466,1.57693,-0.105286,0.357836
0.0555056,-0.0645842,0.0851848,1.57754,-0.105065,0.358158
0.0555124,-0.0642368,0.0851162,1.57818,-0.104824,0.358456
0.0555161,-0.0638935,0.0850408,1.57887,-0.104563,0.35873
0.0555165,-0.0635542,0.0849582,1.5796,-0.10428,0.358978
0.0555134,-0.0632185,0.0848682,1.58038,-0.103975,0.359202
0.0555068,-0.062886,0.0847708,1.58122,-0.103648,0.359399
0.0554963,-0.0625565,0.0846658,1.58212,-0.103296,0.359571
0.055482,-0.0622297,0.084553,1.58307,-0.102921,0.359715
0.0554635,-0.0619051,0.0844322,1.5841,-0.10252,0.359832
0.0554406,-0.0615826,0.0843035,1.5852,-0.102092,0.359922
0.0554133,-0.0612617,0.0841665,1.58638,-0.101637,0.359982
0.0553814,-0.0609423,0.0840214,1.58764,-0.101154,0.360013
0.0553446,-0.0606239,0.0838679,1.58898,-0.100642,0.360013
0.0553027,-0.0603064,0.0837062,1.59041,-0.100099,0.359982
0.0552557,-0.0599895,0.083536,1.59194,-0.0995251,0.359918
0.0552033,-0.0596729,0.0833576,1.59357,-0.0989183,0.359821
0.0551453,-0.0593565,0.0831708,1.5953,-0.0982778,0.359689
0.0550816,-0.0590399,0.0829758,1.59715,-0.0976023,0.359522
0.055012,-0.0587231,0.0827726,1.5991,-0.0968907,0.359317
0.0549363,-0.0584058,0.0825613,1.60118,-0.0961417,0.359075
0.0548543,-0.0580879,0.082342,1.60337,-0.0953542,0.358793
0.054766,-0.0577692,0.082115,1.6057,-0.0945268,0.358471
0.0546711,-0.0574496,0.0818803,1.60815,-0.0936583,0.358108
0.0545695,-0.0571291,0.0816383,1.61074,-0.0927474,0.357701
0.0544611,-0.0568076,0.0813891,1.61347,-0.091793,0.35725
0.0543457,-0.0564849,0.081133,1.61634,-0.0907937,0.356754
0.0542232,-0.0561611,0.0808703,1.61935,-0.0897484,0.356212
0.0540935,-0.0558362,0.0806013,1.62251,-0.0886558,0.355622
0.0539566,-0.0555101,0.0803263,1.62582,-0.0875148,0.354984
0.0538122,-0.0551829,0.0800458,1.62928,-0.0863244,0.354296
0.0536605,-0.0548547,0.07976,1.6329,-0.0850834,0.353558
0.0535013,-0.0545255,0.0794695,1.63668,-0.0837908,0.35277
0.0533345,-0.0541953,0.0791745,1.64061,-0.0824459,0.35193
0.0531602,-0.0538644,0.0788757,1.6447,-0.0810478,0.351038
0.0529784,-0.0535328,0.0785733,1.64895,-0.0795958,0.350094
0.0527891,-0.0532007,0.078268,1.65335,-0.0780893,0.349097
0.0525924,-0.0528681,0.0779602,1.65792,-0.0765278,0.348048
0.0523883,-0.0525354,0.0776503,1.66264,-0.0749112,0.346946
0.0521769,-0.0522027,0.0773391,1.66752,-0.0732392,0.345792
0.0519583,-0.0518702,0.0770268,1.67255,-0.0715119,0.344586
0.0517328,-0.0515381,0.0767142,1.67773,-0.0697295,0.343329
0.0515004,-0.0512066,0.0764017,1.68306,-0.0678923,0.342021
0.0512614,-0.0508761,0.07609,1.68854,-0.0660011,0.340663
0.051016,-0.0505468,0.0757795,1.69415,-0.0640567,0.339257
0.0507644,-0.0502189,0.0754708,1.69991,-0.0620601,0.337804
0.0505071,-0.0498927,0.0751645,1.70579,-0.0600127,0.336305
0.0502442,-0.0495687,0.0748611,1.7118,-0.057916,0.334762
0.0499761,-0.0492469,0.0745613,1.71793,-0.0557719,0.333177
0.0497033,-0.0489279,0.0742656,1.72417,-0.0535824,0.331551
0.0494261,-0.0486119,0.0739744,1.73052,-0.05135,0.329887
0.049145,-0.0482992,0.0736885,1.73697,-0.0490772,0.328187
0.0488604,-0.0479902,0.0734083,1.7435,-0.0467671,0.326454
0.0485729,-0.0476853,0.0731344,1.75012,-0.0444227,0.32469
0.0482829,-0.0473849,0.0728673,1.75681,-0.0420475,0.322898
0.047991,-0.0470892,0.0726075,1.76356,-0.0396453,0.32108
0.0476978,-0.0467987,0.0723555,1.77037,-0.03722,0.319241
0.0474039,-0.0465137,0.0721119,1.77722,-0.0347759,0.317382
0.0471099,-0.0462346,0.0718771,1.7841,-0.0323174,0.315507
0.0468163,-0.0459618,0.0716516,1.791,-0.0298491,0.313619
0.046524,-0.0456957,0.0714357,1.79791,-0.0273759,0.311722
0.0462334,-0.0454367,0.0712301,1.80483,-0.0249029,0.309818
0.0459453,-0.045185,0.0710349,1.81173,-0.0224353,0.307912
0.0456603,-0.0449411,0.0708508,1.8186,-0.0199783,0.306006
0.0453792,-0.0447053,0.0706779,1.82545,-0.0175374,0.304103
0.0451025,-0.044478,0.0705166,1.83224,-0.0151181,0.302208
0.0448309,-0.0442596,0.0703673,1.83898,-0.0127259,0.300323
0.0445652,-0.0440502,0.0702301,1.84565,-0.0103662,0.298451
0.0443058,-0.0438502,0.0701054,1.85223,-0.00804461,0.296597
0.0440534,-0.0436599,0.0699934,1.85873,-0.00576651,0.294762
0.0438087,-0.0434796,0.0698941,1.86512,-0.00353718,0.292949
0.0435722,-0.0433095,0.0698078,1.8714,-0.0013618,0.291163
0.0433444,-0.0431497,0.0697345,1.87756,0.000754689,0.289405
0.0431258,-0.0430005,0.0696742,1.88358,0.00280754,0.287677
0.0429169,-0.042862,0.069627,1.88946,0.00479227,0.285983
0.0427181,-0.0427343,0.0695927,1.8952,0.0067047,0.284325
0.0425298,-0.0426175,0.0695714,1.90077,0.00854099,0.282705
0.0423522,-0.0425116,0.0695628,1.90618,0.0102977,0.281124
0.0421857,-0.0424165,0.0695667,1.91142,0.0119716,0.279585
0.0420305,-0.0423323,0.069583,1.91648,0.0135603,0.27809
0.0418867,-0.0422588,0.0696112,1.92136,0.0150614,0.276639
0.0417543,-0.0421959,0.069651,1.92606,0.0164733,0.275233
0.0416335,-0.0421433,0.069702,1.93056,0.0177947,0.273875
0.0415241,-0.0421009,0.0697638,1.93487,0.019025,0.272564
0.0414261,-0.0420684,0.0698358,1.93899,0.0201639,0.271302
0.0413393,-0.0420453,0.0699175,1.94292,0.0212118,0.270089
0.0412634,-0.0420313,0.0700083,1.94665,0.0221696,0.268925
0.0411981,-0.0420259,0.0701074,1.95018,0.0230387,0.26781
0.0411431,-0.0420288,0.0702142,1.95353,0.0238211,0.266745
0.0410979,-0.0420393,0.070328,1.95669,0.0245191,0.265729
0.041062,-0.0420569,0.0704479,1.95966,0.0251357,0.264761
0.041035,-0.0420809,0.0705732,1.96245,0.0256743,0.263843
0.0410161,-0.0421108,0.0707029,1.96507,0.0261388,0.262972
0.0410048,-0.0421459,0.0708363,1.96751,0.0265334,0.262148
0.0410003,-0.0421854,0.0709724,1.96979,0.0268626,0.261371
0.041002,-0.0422286,0.0711102,1.97192,0.0271316,0.260639
0.0410091,-0.0422749,0.071249,1.97389,0.0273456,0.259951
0.0410207,-0.0423233,0.0713877,1.97572,0.02751,0.259307
0.0410362,-0.0423733,0.0715255,1.97742,0.0276306,0.258704
0.0410547,-0.0424239,0.0716613,1.97899,0.0277132,0.258143
0.0410755,-0.0424746,0.0717943,1.98045,0.0277637,0.257621
0.0410976,-0.0425245,0.0719236,1.98179,0.0277881,0.257138
0.0411203,-0.0425728,0.0720484,1.98304,0.0277923,0.256691
0.0411428,-0.042619,0.0721678,1.98419,0.0277822,0.25628
0.0411645,-0.0426623,0.072281,1.98526,0.0277634,0.255904
0.0411845,-0.0427022,0.0723872,1.98625,0.0277416,0.25556
0.0412023,-0.042738,0.0724858,1.98718,0.0277219,0.255247
0.0412172,-0.0427692,0.0725762,1.98804,0.0277092,0.254965
0.0412286,-0.0427953,0.0726576,1.98885,0.0277082,0.254712
0.041236,-0.042816,0.0727297,1.98961,0.027723,0.254486
0.041239,-0.0428308,0.072792,1.99033,0.0277573,0.254286
0.0412373,-0.0428395,0.0728441,1.99101,0.0278144,0.254111
0.0412306,-0.0428419,0.0728857,1.99166,0.0278968,0.253961
0.0412186,-0.0428378,0.0729165,1.99228,0.0280067,0.253833
0.0412013,-0.0428272,0.0729365,1.99287,0.0281456,0.253726
0.0411785,-0.0428102,0.0729456,1.99343,0.0283145,0.253641
0.0411505,-0.0427868,0.0729438,1.99397,0.0285135,0.253576
0.0411172,-0.0427571,0.0729312,1.99448,0.0287423,0.253529
0.0410789,-0.0427216,0.072908,1.99496,0.029,0.253502
0.0410359,-0.0426804,0.0728745,1.99542,0.0292849,0.253492
0.0409887,-0.042634,0.0728309,1.99584,0.0295948,0.2535
0.0409375,-0.0425828,0.0727777,1.99623,0.0299269,0.253524
0.0408831,-0.0425274,0.0727154,1.99658,0.0302778,0.253566
0.0408258,-0.0424683,0.0726444,1.99688,0.0306437,0.253625
0.0407665,-0.042406,0.0725653,1.99713,0.0310202,0.253701
0.0407057,-0.0423414,0.0724788,1.99732,0.0314025,0.253794
0.0406441,-0.042275,0.0723855,1.99745,0.0317855,0.253904
0.0405827,-0.0422075,0.072286,1.9975,0.0321635,0.254033
0.040522,-0.0421396,0.0721811,1.99747,0.0325311,0.254181
0.0404629,-0.042072,0.0720715,1.99735,0.0328821,0.254348
0.0404061,-0.0420054,0.0719579,1.99713,0.0332106,0.254536
0.0403525,-0.0419405,0.0718409,1.9968,0.0335105,0.254747
0.0403027,-0.0418778,0.0717214,1.99635,0.0337757,0.25498
0.0402575,-0.0418179,0.0715999,1.99578,0.0340001,0.255239
0.0402176,-0.0417615,0.0714771,1.99507,0.0341781,0.255525
0.0401836,-0.0417089,0.0713536,1.99421,0.0343039,0.255839
