0.0117038,0.101922,-0.0944526,-2.5101,0.0185809,0.0313995
0.0117146,0.101915,-0.0944517,-2.51011,0.0186561,0.0315103
0.0117271,0.101911,-0.094449,-2.51004,0.0187171,0.0316203
0.0117412,0.101911,-0.0944443,-2.50989,0.0187623,0.0317279
0.0117568,0.101914,-0.0944373,-2.50965,0.0187899,0.0318315
0.0117739,0.101922,-0.0944281,-2.50932,0.0187983,0.0319291
0.0117925,0.101933,-0.0944163,-2.50889,0.0187859,0.032019
0.0118124,0.101949,-0.0944019,-2.50836,0.018751,0.032099
0.0118334,0.101969,-0.0943847,-2.50771,0.0186921,0.0321669
0.0118555,0.101994,-0.0943645,-2.50694,0.0186077,0.0322207
0.0118785,0.102023,-0.0943413,-2.50605,0.0184965,0.0322579
0.0119022,0.102057,-0.0943149,-2.50504,0.0183571,0.0322761
0.0119264,0.102096,-0.0942851,-2.50389,0.0181883,0.0322731
0.0119509,0.10214,-0.0942519,-2.50261,0.0179891,0.0322462
0.0119755,0.102189,-0.0942152,-2.50118,0.0177585,0.0321931
0.0119998,0.102242,-0.0941748,-2.49962,0.0174957,0.0321113
0.0120237,0.102301,-0.0941307,-2.49791,0.0172,0.0319983
0.0120469,0.102363,-0.0940828,-2.49606,0.0168709,0.0318517
0.0120691,0.10243,-0.0940309,-2.49407,0.0165081,0.0316691
0.01209,0.102501,-0.0939751,-2.49193,0.0161113,0.0314483
0.0121093,0.102576,-0.0939153,-2.48964,0.0156805,0.0311871
0.0121267,0.102655,-0.0938515,-2.48722,0.0152158,0.0308833
0.0121419,0.102737,-0.0937835,-2.48466,0.0147175,0.0305351
0.0121546,0.102822,-0.0937114,-2.48196,0.0141861,0.0301405
0.0121646,0.10291,-0.0936351,-2.47913,0.0136221,0.0296981
0.0121715,0.103,-0.0935546,-2.47617,0.0130265,0.0292064
0.012175,0.103091,-0.0934699,-2.47309,0.0124001,0.0286642
0.012175,0.103184,-0.093381,-2.4699,0.011744,0.0280705
0.0121711,0.103278,-0.0932879,-2.4666,0.0110595,0.0274245
0.0121632,0.103372,-0.0931906,-2.46321,0.010348,0.0267257
0.012151,0.103466,-0.093089,-2.45972,0.00961103,0.025974
0.0121344,0.10356,-0.0929832,-2.45614,0.00885016,0.0251695
0.0121132,0.103652,-0.0928732,-2.4525,0.00806717,0.0243124
0.0120873,0.103743,-0.092759,-2.44879,0.00726392,0.0234035
0.0120566,0.103832,-0.0926406,-2.44503,0.00644235,0.0224439
0.0120211,0.103918,-0.0925181,-2.44122,0.00560446,0.0214347
0.0119807,0.104001,-0.0923914,-2.43739,0.00475233,0.0203776
0.0119356,0.10408,-0.0922606,-2.43353,0.00388809,0.0192746
0.0118857,0.104156,-0.0921257,-2.42966,0.00301391,0.018128
0.0118311,0.104227,-0.0919867,-2.4258,0.00213196,0.0169403
0.0117722,0.104294,-0.0918437,-2.42195,0.00124446,0.0157145
0.0117089,0.104355,-0.0916966,-2.41812,0.000353596,0.0144538
0.0116416,0.104411,-0.0915456,-2.41433,-0.000538434,0.0131616
0.0115706,0.104462,-0.0913907,-2.41058,-0.00142946,0.0118418
0.0114961,0.104507,-0.0912319,-2.40689,-0.00231736,0.0104984
0.0114186,0.104546,-0.0910693,-2.40327,-0.00320003,0.00913575
0.0113385,0.104578,-0.0909029,-2.39973,-0.00407544,0.00775834
0.0112562,0.104605,-0.0907329,-2.39627,-0.00494159,0.00637093
0.0111722,0.104625,-0.0905593,-2.3929,-0.00579659,0.00497844
0.011087,0.10464,-0.0903823,-2.38965,-0.00663858,0.00358596
0.0110012,0.104648,-0.090202,-2.3865,-0.0074658,0.00219872
0.0109153,0.10465,-0.0900184,-2.38347,-0.00827657,0.000822064
0.0108301,0.104647,-0.0898319,-2.38057,-0.00906928,-0.000538609
0.010746,0.104638,-0.0896425,-2.3778,-0.00984242,-0.00187784
0.0106638,0.104623,-0.0894504,-2.37517,-0.0105946,-0.00319014
0.0105841,0.104604,-0.089256,-2.37267,-0.0113244,-0.00447006
0.0105075,0.104581,-0.0890593,-2.37032,-0.0120306,-0.00571217
0.0104348,0.104553,-0.0888608,-2.36812,-0.0127121,-0.00691115
0.0103666,0.104521,-0.0886607,-2.36607,-0.0133678,-0.00806177
0.0103036,0.104487,-0.0884593,-2.36417,-0.0139966,-0.00915897
0.0102464,0.10445,-0.0882569,-2.36242,-0.0145976,-0.0101978
0.0101956,0.10441,-0.0880541,-2.36083,-0.01517,-0.0111737
0.0101519,0.10437,-0.0878511,-2.35938,-0.015713,-0.0120821
0.0101159,0.104328,-0.0876484,-2.35808,-0.0162258,-0.0129189
0.010088,0.104286,-0.0874465,-2.35693,-0.0167078,-0.0136802
0.0100688,0.104244,-0.0872458,-2.35593,-0.0171582,-0.0143624
0.0100588,0.104203,-0.0870469,-2.35506,-0.0175767,-0.0149625
0.0100583,0.104164,-0.0868502,-2.35433,-0.0179625,-0.0154775
0.0100679,0.104126,-0.0866564,-2.35373,-0.0183153,-0.0159051
0.0100876,0.104091,-0.0864661,-2.35326,-0.0186344,-0.0162432
0.0101179,0.10406,-0.0862797,-2.35291,-0.0189195,-0.0164905
0.0101589,0.104032,-0.0860979,-2.35267,-0.0191702,-0.0166456
0.0102107,0.104009,-0.0859214,-2.35255,-0.019386,-0.0167081
0.0102733,0.10399,-0.0857507,-2.35252,-0.0195666,-0.0166778
0.0103468,0.103977,-0.0855864,-2.35259,-0.0197115,-0.016555
0.0104311,0.10397,-0.0854292,-2.35275,-0.0198205,-0.0163405
0.0105259,0.103968,-0.0852797,-2.35299,-0.0198932,-0.0160356
0.0106311,0.103973,-0.0851384,-2.35331,-0.0199292,-0.0156422
0.0107464,0.103984,-0.085006,-2.35369,-0.0199284,-0.0151624
0.0108713,0.104002,-0.0848831,-2.35413,-0.0198904,-0.0145991
0.0110054,0.104027,-0.0847701,-2.35462,-0.019815,-0.0139555
0.0111482,0.104059,-0.0846677,-2.35516,-0.0197021,-0.0132352
0.011299,0.104099,-0.0845762,-2.35574,-0.0195513,-0.0124423
0.0114573,0.104145,-0.0844962,-2.35635,-0.0193628,-0.0115813
0.0116223,0.104199,-0.0844281,-2.35698,-0.0191363,-0.0106572
0.0117932,0.104259,-0.0843722,-2.35763,-0.0188718,-0.00967517
0.0119693,0.104326,-0.0843289,-2.35829,-0.0185696,-0.00864087
0.0121495,0.1044,-0.0842984,-2.35896,-0.0182297,-0.00756023
0.0123331,0.104479,-0.0842809,-2.35964,-0.0178523,-0.00643948
0.012519,0.104565,-0.0842766,-2.3603,-0.0174377,-0.00528508
0.0127063,0.104655,-0.0842856,-2.36096,-0.0169865,-0.00410375
0.0128939,0.104751,-0.0843079,-2.36161,-0.016499,-0.00290237
0.0130808,0.104851,-0.0843436,-2.36223,-0.015976,-0.00168799
0.0132661,0.104954,-0.0843924,-2.36284,-0.0154182,-0.000467748
0.0134485,0.105061,-0.0844542,-2.36342,-0.0148265,0.000751104
0.0136271,0.10517,-0.0845289,-2.36398,-0.0142019,0.00196129
0.0138009,0.105281,-0.084616,-2.3645,-0.0135456,0.00315554
0.0139687,0.105393,-0.0847153,-2.365,-0.0128587,0.0043266
0.0141297,0.105506,-0.0848263,-2.36546,-0.0121427,0.0054673
0.0142828,0.105618,-0.0849485,-2.36588,-0.0113992,0.00657058
0.014427,0.105729,-0.0850814,-2.36627,-0.0106298,0.00762953
0.0145615,0.105839,-0.0852243,-2.36663,-0.00983619,0.00863742
0.0146853,0.105945,-0.0853766,-2.36694,-0.00902042,0.00958775
0.0147977,0.106048,-0.0855375,-2.36722,-0.00818446,0.0104743
0.0148979,0.106147,-0.0857064,-2.36747,-0.00733045,0.011291
0.0149853,0.106242,-0.0858823,-2.36768,-0.00646062,0.0120323
0.015059,0.10633,-0.0860644,-2.36785,-0.0055773,0.012693
0.0151187,0.106412,-0.0862519,-2.36799,-0.00468288,0.013268
0.0151637,0.106488,-0.0864438,-2.3681,-0.00377984,0.0137529
0.0151936,0.106555,-0.0866391,-2.36818,-0.00287071,0.0141437
0.0152081,0.106615,-0.0868369,-2.36823,-0.00195803,0.0144367
0.0152069,0.106665,-0.0870362,-2.36826,-0.00104442,0.0146288
0.0151898,0.106707,-0.087236,-2.36826,-0.000132459,0.0147174
0.0151567,0.106739,-0.0874353,-2.36823,0.00077525,0.0147003
0.0151075,0.10676,-0.0876331,-2.36819,0.00167613,0.0145759
0.0150422,0.106771,-0.0878284,-2.36813,0.00256765,0.0143432
0.014961,0.106772,-0.0880203,-2.36806,0.00344732,0.0140016
0.014864,0.106761,-0.0882077,-2.36797,0.00431272,0.0135512
0.0147516,0.10674,-0.0883897,-2.36787,0.00516151,0.0129925
0.014624,0.106707,-0.0885654,-2.36777,0.00599148,0.0123265
0.0144816,0.106663,-0.0887339,-2.36767,0.00680048,0.0115551
0.014325,0.106608,-0.0888944,-2.36756,0.00758654,0.0106803
0.0141547,0.106542,-0.089046,-2.36746,0.00834779,0.00970481
0.0139713,0.106465,-0.0891881,-2.36736,0.00908254,0.00863192
0.0137755,0.106377,-0.0893198,-2.36727,0.00978925,0.00746532
0.013568,0.106279,-0.0894405,-2.36719,0.0104665,0.00620921
0.0133496,0.106172,-0.0895496,-2.36712,0.0111132,0.00486824
0.013121,0.106055,-0.0896466,-2.36707,0.0117283,0.00344752
0.0128833,0.105929,-0.0897309,-2.36703,0.0123111,0.00195255
0.0126372,0.105794,-0.0898021,-2.36702,0.0128608,0.000389224
0.0123838,0.105652,-0.0898598,-2.36703,0.0133771,-0.00123622
0.0121239,0.105503,-0.0899038,-2.36707,0.0138599,-0.0029172
0.0118587,0.105348,-0.0899338,-2.36713,0.014309,-0.00464687
0.0115891,0.105187,-0.0899496,-2.36722,0.0147248,-0.0064181
0.0113161,0.105021,-0.0899511,-2.36735,0.0151076,-0.00822354
0.0110409,0.104852,-0.0899383,-2.36751,0.0154581,-0.0100557
0.0107643,0.104679,-0.0899111,-2.36771,0.015777,-0.0119069
0.0104876,0.104504,-0.0898698,-2.36794,0.0160653,-0.0137693
0.0102118,0.104327,-0.0898144,-2.36821,0.0163242,-0.0156351
0.00993783,0.104151,-0.0897452,-2.36852,0.0165549,-0.0174965
0.0096668,0.103974,-0.0896624,-2.36887,0.0167591,-0.0193455
0.00939971,0.103799,-0.0895664,-2.36927,0.0169382,-0.0211743
0.00913755,0.103627,-0.0894576,-2.3697,0.017094,-0.0229753
0.00888129,0.103457,-0.0893364,-2.37019,0.0172285,-0.0247408
0.00863187,0.103292,-0.0892034,-2.37071,0.0173436,-0.0264634
0.0083902,0.103131,-0.089059,-2.37128,0.0174413,-0.0281358
0.00815714,0.102977,-0.088904,-2.37189,0.0175238,-0.029751
0.00793355,0.102828,-0.0887389,-2.37255,0.0175934,-0.0313024
0.0077202,0.102688,-0.0885645,-2.37326,0.0176522,-0.0327835
0.00751786,0.102555,-0.0883814,-2.374,0.0177026,-0.0341883
0.00732721,0.102431,-0.0881905,-2.37479,0.0177468,-0.0355109
0.00714891,0.102316,-0.0879925,-2.37562,0.0177872,-0.0367462
0.00698357,0.102211,-0.0877882,-2.3765,0.017826,-0.0378891
0.00683171,0.102117,-0.0875785,-2.37741,0.0178656,-0.0389353
0.00669384,0.102033,-0.0873642,-2.37836,0.0179081,-0.0398808
0.00657038,0.101961,-0.0871462,-2.37935,0.0179557,-0.0407219
0.00646171,0.101901,-0.0869254,-2.38037,0.0180106,-0.0414558
0.00636813,0.101852,-0.0867026,-2.38142,0.0180747,-0.0420799
0.0062899,0.101815,-0.0864788,-2.38251,0.0181499,-0.0425922
0.00622719,0.101791,-0.0862548,-2.38363,0.0182382,-0.0429913
0.00618013,0.101779,-0.0860315,-2.38477,0.0183413,-0.0432762
0.00614877,0.10178,-0.0858097,-2.38593,0.0184607,-0.0434466
0.00613312,0.101793,-0.0855904,-2.38712,0.018598,-0.0435027
0.00613309,0.101817,-0.0853743,-2.38832,0.0187546,-0.043445
0.00614856,0.101854,-0.0851623,-2.38954,0.0189316,-0.043275
0.00617932,0.101903,-0.0849551,-2.39077,0.0191302,-0.0429942
0.00622511,0.101963,-0.0847535,-2.392,0.0193513,-0.042605
0.00628561,0.102034,-0.0845583,-2.39325,0.0195959,-0.0421101
0.00636044,0.102116,-0.0843701,-2.39449,0.0198645,-0.0415128
0.00644914,0.102207,-0.0841896,-2.39573,0.0201577,-0.0408167
0.00655123,0.102309,-0.0840174,-2.39697,0.0204759,-0.0400259
0.00666613,0.102419,-0.0838542,-2.3982,0.0208195,-0.0391451
0.00679324,0.102538,-0.0837003,-2.39942,0.0211885,-0.0381792
0.0069319,0.102664,-0.0835563,-2.40062,0.021583,-0.0371335
0.00708138,0.102797,-0.0834227,-2.40181,0.0220029,-0.0360136
0.00724095,0.102937,-0.0832998,-2.40297,0.0224479,-0.0348255
0.00740979,0.103082,-0.083188,-2.40411,0.0229178,-0.0335755
0.00758706,0.103232,-0.0830875,-2.40522,0.023412,-0.03227
0.00777189,0.103386,-0.0829987,-2.4063,0.0239302,-0.0309158
0.00796338,0.103543,-0.0829216,-2.40735,0.0244716,-0.0295196
0.00816057,0.103702,-0.0828564,-2.40837,0.0250355,-0.0280886
0.00836252,0.103863,-0.0828031,-2.40935,0.0256212,-0.0266299
0.00856825,0.104024,-0.0827619,-2.41028,0.0262278,-0.0251506
0.00877674,0.104185,-0.0827326,-2.41118,0.0268543,-0.023658
0.00898701,0.104345,-0.0827152,-2.41203,0.0274999,-0.0221593
0.00919803,0.104504,-0.0827095,-2.41284,0.0281634,-0.0206618
0.00940879,0.10466,-0.0827154,-2.4136,0.0288437,-0.0191724
0.00961827,0.104813,-0.0827326,-2.41432,0.0295399,-0.0176984
0.00982547,0.104961,-0.0827609,-2.41498,0.0302507,-0.0162465
0.0100294,0.105105,-0.0827999,-2.4156,0.0309749,-0.0148234
0.0102291,0.105243,-0.0828492,-2.41617,0.0317113,-0.0134358
0.0104235,0.105376,-0.0829085,-2.4167,0.0324587,-0.01209
0.0106118,0.105501,-0.0829772,-2.41717,0.0332159,-0.0107919
0.0107931,0.10562,-0.083055,-2.4176,0.0339816,-0.00954729
0.0109665,0.10573,-0.0831413,-2.41798,0.0347546,-0.00836173
0.0111312,0.105832,-0.0832355,-2.41832,0.0355334,-0.00724033
0.0112863,0.105926,-0.0833371,-2.41861,0.036317,-0.00618786
0.0114313,0.10601,-0.0834455,-2.41886,0.0371039,-0.00520876
0.0115653,0.106085,-0.0835601,-2.41907,0.037893,-0.00430708
0.0116877,0.106151,-0.0836801,-2.41923,0.0386828,-0.00348647
0.011798,0.106206,-0.0838051,-2.41937,0.0394722,-0.00275016
0.0118957,0.106251,-0.0839342,-2.41946,0.0402598,-0.00210097
0.0119803,0.106285,-0.0840669,-2.41952,0.0410444,-0.00154129
0.0120514,0.10631,-0.0842025,-2.41956,0.0418247,-0.00107307
0.0121087,0.106323,-0.0843402,-2.41956,0.0425995,-0.000697817
0.012152,0.106326,-0.0844795,-2.41954,0.0433675,-0.00041661
0.012181,0.106319,-0.0846196,-2.41949,0.0441275,-0.000230069
0.0121956,0.106302,-0.0847599,-2.41943,0.0448783,-0.000138378
0.0121958,0.106274,-0.0848997,-2.41934,0.0456187,-0.000141281
0.0121816,0.106236,-0.0850383,-2.41925,0.0463476,-0.000238092
0.0121531,0.106188,-0.0851753,-2.41914,0.0470638,-0.000427696
0.0121104,0.106131,-0.0853099,-2.41902,0.0477662,-0.000708561
0.0120538,0.106065,-0.0854415,-2.4189,0.0484538,-0.00107875
0.0119835,0.105991,-0.0855697,-2.41877,0.0491256,-0.00153594
0.0118999,0.105907,-0.0856938,-2.41864,0.0497805,-0.0020774
0.0118034,0.105816,-0.0858134,-2.41851,0.0504177,-0.00270007
0.0116944,0.105718,-0.0859279,-2.41838,0.0510362,-0.00340052
0.0115734,0.105613,-0.086037,-2.41826,0.0516353,-0.00417499
0.0114411,0.105501,-0.0861403,-2.41815,0.0522141,-0.00501941
0.0112981,0.105383,-0.0862372,-2.41806,0.0527721,-0.00592942
0.0111449,0.105261,-0.0863276,-2.41797,0.0533085,-0.00690039
0.0109824,0.105134,-0.086411,-2.4179,0.0538228,-0.00792743
0.0108112,0.105003,-0.0864872,-2.41784,0.0543144,-0.00900545
0.0106322,0.104868,-0.086556,-2.4178,0.0547831,-0.0101291
0.0104461,0.104732,-0.0866172,-2.41779,0.0552284,-0.011293
0.0102537,0.104593,-0.0866705,-2.41779,0.0556502,-0.0124914
0.010056,0.104453,-0.0867159,-2.41782,0.0560482,-0.0137185
0.00985377,0.104313,-0.0867533,-2.41787,0.0564223,-0.0149685
0.00964792,0.104172,-0.0867826,-2.41794,0.0567726,-0.0162355
0.00943933,0.104033,-0.0868038,-2.41804,0.0570991,-0.0175134
0.0092289,0.103895,-0.086817,-2.41817,0.057402,-0.0187962
0.00901753,0.10376,-0.0868221,-2.41832,0.0576816,-0.0200778
0.00880611,0.103628,-0.0868193,-2.4185,0.0579383,-0.0213524
0.00859552,0.103499,-0.0868087,-2.41871,0.0581723,-0.0226139
0.00838665,0.103375,-0.0867904,-2.41894,0.0583843,-0.0238564
0.00818034,0.103255,-0.0867647,-2.41921,0.0585748,-0.0250742
0.00797744,0.103141,-0.0867318,-2.4195,0.0587445,-0.0262616
0.00777876,0.103034,-0.0866918,-2.41982,0.0588942,-0.0274132
0.00758508,0.102933,-0.0866452,-2.42017,0.0590245,-0.0285236
0.00739718,0.102839,-0.0865921,-2.42054,0.0591364,-0.0295876
0.00721578,0.102753,-0.0865329,-2.42094,0.0592309,-0.0306005
0.00704157,0.102676,-0.086468,-2.42137,0.0593088,-0.0315574
0.00687521,0.102607,-0.0863977,-2.42182,0.0593713,-0.032454
0.00671731,0.102548,-0.0863223,-2.42229,0.0594194,-0.0332861
0.00656844,0.102498,-0.0862424,-2.42279,0.0594543,-0.0340499
0.00642914,0.102458,-0.0861582,-2.42331,0.0594771,-0.0347418
0.00629988,0.102428,-0.0860703,-2.42385,0.0594891,-0.0353587
0.00618109,0.102409,-0.085979,-2.42441,0.0594913,-0.0358975
0.00607317,0.1024,-0.0858849,-2.42499,0.0594852,-0.0363558
0.00597643,0.102403,-0.0857882,-2.42559,0.059472,-0.0367314
0.00589118,0.102416,-0.0856896,-2.4262,0.0594528,-0.0370225
0.00581763,0.10244,-0.0855895,-2.42683,0.0594291,-0.0372276
0.00575595,0.102475,-0.0854882,-2.42747,0.059402,-0.0373458
0.00570628,0.102521,-0.0853863,-2.42812,0.0593729,-0.0373762
0.00566868,0.102579,-0.0852842,-2.42878,0.0593429,-0.0373187
0.00564316,0.102647,-0.0851823,-2.42944,0.0593134,-0.0371734
0.0056297,0.102725,-0.0850811,-2.43011,0.0592855,-0.0369408
0.00562818,0.102814,-0.084981,-2.43079,0.0592604,-0.0366217
0.00563848,0.102914,-0.0848824,-2.43147,0.0592393,-0.0362175
0.0056604,0.103023,-0.0847857,-2.43215,0.0592233,-0.0357298
0.0056937,0.103142,-0.0846912,-2.43282,0.0592134,-0.0351607
0.00573807,0.103269,-0.0845994,-2.4335,0.0592107,-0.0345126
0.00579318,0.103406,-0.0845105,-2.43417,0.0592162,-0.0337882
0.00585864,0.10355,-0.0844249,-2.43483,0.0592308,-0.0329907
0.00593402,0.103703,-0.084343,-2.43548,0.0592552,-0.0321235
0.00601885,0.103862,-0.0842649,-2.43613,0.0592905,-0.0311903
0.00611261,0.104028,-0.084191,-2.43676,0.0593372,-0.0301952
0.00621476,0.1042,-0.0841214,-2.43738,0.0593961,-0.0291426
0.00632471,0.104377,-0.0840565,-2.43798,0.0594678,-0.028037
0.00644183,0.104558,-0.0839963,-2.43857,0.0595528,-0.0268833
0.0065655,0.104744,-0.0839411,-2.43914,0.0596515,-0.0256866
0.00669502,0.104932,-0.0838909,-2.43969,0.0597643,-0.0244522
0.00682971,0.105123,-0.083846,-2.44022,0.0598916,-0.0231854
0.00696885,0.105316,-0.0838063,-2.44073,0.0600335,-0.021892
0.00711171,0.10551,-0.083772,-2.44122,0.0601903,-0.0205775
0.00725754,0.105704,-0.083743,-2.44168,0.0603618,-0.0192479
0.00740558,0.105897,-0.0837195,-2.44211,0.0605482,-0.0179089
0.00755507,0.106089,-0.0837013,-2.44253,0.0607493,-0.0165666
0.00770525,0.106279,-0.0836884,-2.44291,0.060965,-0.0152269
0.00785534,0.106467,-0.0836808,-2.44327,0.0611948,-0.0138957
0.00800459,0.10665,-0.0836783,-2.4436,0.0614386,-0.0125789
0.00815225,0.10683,-0.0836809,-2.44391,0.0616959,-0.0112823
0.00829756,0.107005,-0.0836884,-2.44418,0.0619661,-0.0100117
0.0084398,0.107174,-0.0837006,-2.44443,0.0622488,-0.00877254
0.00857827,0.107338,-0.0837174,-2.44465,0.0625431,-0.00757038
0.00871226,0.107494,-0.0837386,-2.44484,0.0628485,-0.00641045
0.00884112,0.107644,-0.0837639,-2.44501,0.0631642,-0.00529779
0.0089642,0.107785,-0.0837931,-2.44514,0.0634892,-0.00423722
0.0090809,0.107919,-0.083826,-2.44525,0.0638228,-0.00323331
0.00919064,0.108044,-0.0838623,-2.44533,0.0641639,-0.00229033
0.00929289,0.108159,-0.0839017,-2.44539,0.0645117,-0.00141227
0.00938713,0.108266,-0.083944,-2.44542,0.064865,-0.000602786
0.00947292,0.108363,-0.0839887,-2.44543,0.0652228,0.000134794
0.00954983,0.10845,-0.0840358,-2.44542,0.065584,0.000797508
0.00961748,0.108527,-0.0840847,-2.44538,0.0659476,0.00138276
0.00967556,0.108594,-0.0841353,-2.44532,0.0663124,0.00188836
0.00972378,0.10865,-0.0841872,-2.44524,0.0666772,0.00231248
0.00976191,0.108697,-0.08424,-2.44514,0.067041,0.00265374
0.00978976,0.108733,-0.0842935,-2.44503,0.0674027,0.00291114
0.00980722,0.108759,-0.0843474,-2.4449,0.0677611,0.00308413
0.00981419,0.108775,-0.0844013,-2.44475,0.0681151,0.00317258
0.00981065,0.108781,-0.0844549,-2.44459,0.0684637,0.00317677
0.00979662,0.108778,-0.084508,-2.44442,0.0688059,0.00309743
0.00977217,0.108766,-0.0845602,-2.44424,0.0691406,0.00293569
0.00973744,0.108744,-0.0846114,-2.44405,0.069467,0.00269313
0.00969259,0.108714,-0.0846611,-2.44385,0.069784,0.00237172
0.00963784,0.108676,-0.0847092,-2.44364,0.0700909,0.00197383
0.00957347,0.108631,-0.0847555,-2.44344,0.0703869,0.00150223
0.00949979,0.108578,-0.0847997,-2.44322,0.0706712,0.000960055
0.00941717,0.108519,-0.0848417,-2.44301,0.0709431,0.000350818
0.00932599,0.108454,-0.0848812,-2.4428,0.0712021,-0.000321641
0.0092267,0.108384,-0.0849181,-2.44259,0.0714476,-0.00105316
0.00911979,0.108309,-0.0849523,-2.44238,0.0716792,-0.00183926
0.00900577,0.10823,-0.0849836,-2.44217,0.0718964,-0.00267522
0.00888517,0.108148,-0.0850119,-2.44197,0.0720991,-0.00355603
0.00875859,0.108063,-0.0850372,-2.44178,0.0722868,-0.00447649
0.00862661,0.107976,-0.0850595,-2.4416,0.0724595,-0.00543119
0.00848986,0.107888,-0.0850786,-2.44142,0.0726172,-0.00641456
0.00834899,0.1078,-0.0850946,-2.44126,0.0727597,-0.0074209
0.00820465,0.107711,-0.0851075,-2.44111,0.0728872,-0.0084444
0.00805752,0.107624,-0.0851173,-2.44097,0.0729998,-0.00947918
0.00790827,0.107538,-0.0851242,-2.44085,0.0730977,-0.0105193
0.0077576,0.107454,-0.0851281,-2.44074,0.0731813,-0.011559
0.00760618,0.107373,-0.0851292,-2.44065,0.0732508,-0.0125922
0.0074547,0.107295,-0.0851275,-2.44057,0.0733066,-0.0136132
0.00730384,0.107222,-0.0851233,-2.44052,0.0733494,-0.0146163
0.00715428,0.107153,-0.0851167,-2.44048,0.0733795,-0.0155958
0.00700665,0.107089,-0.0851078,-2.44046,0.0733976,-0.0165464
0.00686161,0.107031,-0.0850969,-2.44046,0.0734043,-0.0174628
0.00671977,0.106978,-0.0850841,-2.44048,0.0734004,-0.01834
0.00658174,0.106932,-0.0850697,-2.44052,0.0733865,-0.0191733
0.00644807,0.106893,-0.0850539,-2.44058,0.0733634,-0.0199582
0.00631931,0.106861,-0.0850368,-2.44066,0.0733319,-0.0206905
0.00619596,0.106836,-0.0850188,-2.44077,0.0732928,-0.0213664
0.00607851,0.106818,-0.085,-2.4409,0.0732471,-0.0219824
0.00596739,0.106809,-0.0849808,-2.44104,0.0731955,-0.0225353
0.005863,0.106806,-0.0849613,-2.44122,0.0731389,-0.0230224
0.0057657,0.106812,-0.0849418,-2.44141,0.0730783,-0.0234413
0.00567579,0.106826,-0.0849226,-2.44162,0.0730146,-0.0237901
0.00559356,0.106847,-0.0849038,-2.44186,0.0729485,-0.0240673
0.00551922,0.106875,-0.0848858,-2.44211,0.0728811,-0.0242718
0.00545297,0.106911,-0.0848686,-2.44239,0.0728132,-0.0244029
0.00539493,0.106955,-0.0848526,-2.44269,0.0727456,-0.0244603
0.00534519,0.107005,-0.0848379,-2.44301,0.0726792,-0.0244443
0.0053038,0.107062,-0.0848247,-2.44334,0.0726148,-0.0243553
0.00527075,0.107125,-0.0848132,-2.4437,0.0725531,-0.0241945
0.00524599,0.107194,-0.0848034,-2.44407,0.072495,-0.0239633
0.00522942,0.107269,-0.0847955,-2.44446,0.072441,-0.0236634
0.00522092,0.107349,-0.0847897,-2.44487,0.0723919,-0.023297
0.0052203,0.107433,-0.084786,-2.4453,0.0723482,-0.0228668
0.00522734,0.107522,-0.0847844,-2.44574,0.0723105,-0.0223754
0.00524178,0.107614,-0.0847849,-2.44619,0.0722793,-0.0218262
0.00526333,0.107709,-0.0847877,-2.44666,0.0722551,-0.0212227
0.00529166,0.107807,-0.0847926,-2.44714,0.0722381,-0.0205685
0.00532641,0.107907,-0.0847995,-2.44763,0.0722289,-0.0198677
0.0053672,0.108007,-0.0848085,-2.44813,0.0722275,-0.0191244
0.00541361,0.108109,-0.0848194,-2.44865,0.0722342,-0.0183431
0.00546522,0.108211,-0.084832,-2.44917,0.0722491,-0.0175283
0.00552156,0.108313,-0.0848462,-2.4497,0.0722723,-0.0166847
0.00558216,0.108413,-0.0848619,-2.45024,0.0723037,-0.0158169
0.00564655,0.108512,-0.0848787,-2.45079,0.0723434,-0.0149298
0.00571423,0.108609,-0.0848965,-2.45135,0.0723912,-0.0140283
0.00578471,0.108703,-0.084915,-2.45191,0.0724469,-0.0131172
0.0058575,0.108794,-0.0849339,-2.45248,0.0725102,-0.0122012
0.00593208,0.108882,-0.0849529,-2.45305,0.0725809,-0.0112851
0.00600798,0.108965,-0.0849717,-2.45363,0.0726585,-0.0103735
0.00608471,0.109044,-0.0849899,-2.45421,0.0727427,-0.00947092
0.00616179,0.109118,-0.0850073,-2.4548,0.0728331,-0.00858176
0.00623877,0.109187,-0.0850234,-2.45539,0.072929,-0.00771019
0.00631521,0.10925,-0.0850379,-2.45598,0.0730301,-0.00686019
0.00639069,0.109307,-0.0850504,-2.45658,0.0731356,-0.00603554
0.00646482,0.109357,-0.0850606,-2.45717,0.0732449,-0.00523976
0.00653721,0.109402,-0.085068,-2.45777,0.0733575,-0.00447613
0.00660753,0.10944,-0.0850724,-2.45838,0.0734726,-0.00374765
0.00667546,0.109471,-0.0850733,-2.45898,0.0735896,-0.00305703
0.00674072,0.109495,-0.0850704,-2.45958,0.0737078,-0.00240669
0.00680305,0.109513,-0.0850635,-2.46019,0.0738264,-0.00179875
0.00686224,0.109523,-0.0850521,-2.4608,0.0739447,-0.001235
0.0069181,0.109527,-0.0850359,-2.46141,0.0740621,-0.000716935
0.00697049,0.109524,-0.0850148,-2.46201,0.0741777,-0.000245723
0.00701928,0.109514,-0.0849884,-2.46262,0.0742909,0.000177781
0.00706441,0.109498,-0.0849565,-2.46323,0.074401,0.000553033
0.00710582,0.109476,-0.084919,-2.46384,0.0745073,0.000879795
0.00714351,0.109447,-0.0848757,-2.46444,0.0746091,0.00115813
0.00717751,0.109412,-0.0848264,-2.46505,0.0747058,0.00138838
0.00720787,0.109372,-0.084771,-2.46565,0.0747967,0.00157117
0.00723468,0.109326,-0.0847096,-2.46625,0.0748813,0.00170739
0.00725806,0.109275,-0.084642,-2.46685,0.074959,0.00179817
0.00727815,0.10922,-0.0845683,-2.46744,0.0750293,0.00184488
0.00729514,0.10916,-0.0844886,-2.46804,0.0750917,0.00184909
0.00730921,0.109096,-0.0844029,-2.46862,0.0751457,0.00181257
0.00732058,0.109029,-0.0843113,-2.4692,0.0751908,0.00173726
0.0073295,0.108958,-0.0842141,-2.46978,0.0752267,0.00162525
0.00733622,0.108885,-0.0841114,-2.47034,0.0752531,0.00147876
0.00734101,0.108809,-0.0840034,-2.4709,0.0752696,0.00130013
0.00734414,0.108731,-0.0838904,-2.47146,0.0752759,0.00109178
0.00734591,0.108652,-0.0837728,-2.472,0.0752719,0.000856168
0.00734661,0.108572,-0.0836507,-2.47253,0.0752572,0.000595831
0.00734654,0.108491,-0.0835246,-2.47305,0.0752318,0.000313306
0.00734599,0.108409,-0.0833949,-2.47357,0.0751954,1.11326e-05
0.00734528,0.108327,-0.0832619,-2.47406,0.0751481,-0.000308171
0.00734468,0.108246,-0.083126,-2.47455,0.0750896,-0.000642128
0.00734448,0.108166,-0.0829877,-2.47502,0.0750201,-0.000988321
0.00734496,0.108086,-0.0828473,-2.47548,0.0749395,-0.00134441
0.00734637,0.108008,-0.0827054,-2.47593,0.0748478,-0.00170815
0.00734898,0.107931,-0.0825624,-2.47636,0.0747451,-0.00207739
0.00735302,0.107856,-0.0824186,-2.47677,0.0746314,-0.00245012
0.0073587,0.107783,-0.0822746,-2.47717,0.074507,-0.00282445
0.00736622,0.107712,-0.0821308,-2.47755,0.0743718,-0.00319864
0.00737576,0.107643,-0.0819877,-2.47792,0.074226,-0.00357108
0.00738748,0.107577,-0.0818455,-2.47827,0.0740699,-0.00394035
0.00740152,0.107513,-0.0817048,-2.47861,0.0739036,-0.00430516
0.00741799,0.107452,-0.0815658,-2.47893,0.0737273,-0.00466441
0.00743699,0.107393,-0.0814291,-2.47923,0.0735412,-0.00501715
0.00745857,0.107338,-0.0812948,-2.47952,0.0733457,-0.00536261
0.00748279,0.107285,-0.0811633,-2.4798,0.0731408,-0.00570016
0.00750967,0.107234,-0.081035,-2.48006,0.072927,-0.00602937
0.00753922,0.107186,-0.08091,-2.48031,0.0727044,-0.00634994
0.0075714,0.107141,-0.0807886,-2.48055,0.0724735,-0.00666172
0.00760619,0.107097,-0.0806709,-2.48078,0.0722344,-0.00696472
0.00764352,0.107057,-0.0805572,-2.481,0.0719875,-0.00725908
0.00768331,0.107018,-0.0804475,-2.48122,0.0717332,-0.00754506
0.00772546,0.106981,-0.080342,-2.48142,0.0714718,-0.00782305
0.00776986,0.106946,-0.0802408,-2.48163,0.0712036,-0.00809354
0.00781638,0.106912,-0.0801437,-2.48182,0.0709291,-0.00835711
0.00786488,0.10688,-0.080051,-2.48202,0.0706486,-0.00861444
0.0079152,0.106849,-0.0799624,-2.48222,0.0703625,-0.00886626
0.00796719,0.106819,-0.0798781,-2.48242,0.0700712,-0.00911338
0.00802066,0.10679,-0.0797977,-2.48262,0.0697751,-0.00935665
0.00807545,0.106761,-0.0797214,-2.48282,0.0694748,-0.00959695
0.00813136,0.106733,-0.0796489,-2.48303,0.0691706,-0.00983519
0.00818821,0.106705,-0.07958,-2.48325,0.068863,-0.0100723
0.0082458,0.106677,-0.0795146,-2.48348,0.0685524,-0.0103092
0.00830395,0.106649,-0.0794525,-2.48371,0.0682395,-0.0105468
0.00836246,0.106621,-0.0793934,-2.48396,0.0679247,-0.010786
0.00842115,0.106592,-0.0793372,-2.48422,0.0676084,-0.0110277
0.00847982,0.106563,-0.0792836,-2.4845,0.0672914,-0.0112728
0.00853831,0.106533,-0.0792323,-2.48478,0.0669739,-0.0115219
0.00859643,0.106502,-0.0791831,-2.48508,0.0666567,-0.0117759
0.00865403,0.10647,-0.0791357,-2.4854,0.0663403,-0.0120353
0.00871093,0.106438,-0.0790899,-2.48573,0.0660252,-0.012301
0.008767,0.106405,-0.0790455,-2.48608,0.065712,-0.0125733
0.00882208,0.10637,-0.0790021,-2.48644,0.0654012,-0.0128528
0.00887606,0.106335,-0.0789595,-2.48682,0.0650934,-0.0131399
0.0089288,0.106299,-0.0789175,-2.48721,0.0647892,-0.0134349
0.00898021,0.106262,-0.0788759,-2.48762,0.064489,-0.0137381
0.00903018,0.106224,-0.0788345,-2.48803,0.0641935,-0.0140497
0.00907863,0.106186,-0.078793,-2.48846,0.0639031,-0.0143696
0.00912548,0.106146,-0.0787512,-2.4889,0.0636183,-0.0146981
0.00917067,0.106107,-0.0787091,-2.48935,0.0633396,-0.015035
0.00921415,0.106067,-0.0786663,-2.48981,0.0630675,-0.0153801
0.00925587,0.106026,-0.078623,-2.49027,0.0628024,-0.0157334
0.00929582,0.105986,-0.0785788,-2.49074,0.0625447,-0.0160945
0.00933395,0.105945,-0.0785337,-2.49121,0.0622947,-0.0164631
0.00937028,0.105905,-0.0784877,-2.49168,0.0620528,-0.0168389
0.00940478,0.105865,-0.0784407,-2.49215,0.0618194,-0.0172214
0.00943748,0.105825,-0.0783926,-2.49261,0.0615947,-0.0176101
0.00946838,0.105786,-0.0783435,-2.49307,0.0613788,-0.0180046
0.00949751,0.105747,-0.0782934,-2.49352,0.0611721,-0.0184041
0.0095249,0.10571,-0.0782423,-2.49396,0.0609747,-0.0188083
0.00955058,0.105673,-0.0781902,-2.49438,0.0607866,-0.0192163
0.00957459,0.105638,-0.0781373,-2.4948,0.0606079,-0.0196276
0.00959697,0.105604,-0.0780836,-2.49519,0.0604388,-0.0200416
0.00961777,0.105571,-0.0780293,-2.49557,0.0602791,-0.0204575
0.00963704,0.10554,-0.0779744,-2.49593,0.0601288,-0.0208747
0.00965483,0.10551,-0.0779192,-2.49626,0.0599878,-0.0212925
0.0096712,0.105482,-0.0778636,-2.49658,0.0598561,-0.0217102
0.0096862,0.105455,-0.0778081,-2.49686,0.0597333,-0.0221271
0.00969988,0.10543,-0.0777526,-2.49713,0.0596194,-0.0225427
0.00971231,0.105407,-0.0776974,-2.49736,0.0595141,-0.0229562
0.00972352,0.105385,-0.0776427,-2.49757,0.0594171,-0.0233671
0.00973359,0.105366,-0.0775888,-2.49775,0.0593281,-0.0237747
0.00974255,0.105347,-0.0775357,-2.4979,0.0592469,-0.0241784
0.00975046,0.105331,-0.0774838,-2.49802,0.059173,-0.0245778
0.00975736,0.105315,-0.0774332,-2.49811,0.0591061,-0.0249723
0.0097633,0.105302,-0.0773841,-2.49818,0.0590459,-0.0253613
0.00976832,0.10529,-0.0773369,-2.49821,0.058992,-0.0257446
0.00977245,0.105279,-0.0772916,-2.49822,0.0589438,-0.0261215
0.00977574,0.105269,-0.0772485,-2.49819,0.0589012,-0.0264917
0.00977821,0.10526,-0.0772078,-2.49815,0.0588635,-0.0268549
0.0097799,0.105253,-0.0771697,-2.49807,0.0588305,-0.0272107
0.00978083,0.105246,-0.0771344,-2.49798,0.0588016,-0.0275588
0.00978102,0.10524,-0.0771021,-2.49786,0.0587766,-0.0278988
0.00978049,0.105235,-0.0770728,-2.49772,0.0587549,-0.0282307
0.00977926,0.105231,-0.0770469,-2.49756,0.0587363,-0.028554
0.00977734,0.105227,-0.0770244,-2.49738,0.0587203,-0.0288686
0.00977474,0.105224,-0.0770055,-2.49719,0.0587067,-0.0291743
0.00977147,0.10522,-0.0769903,-2.49698,0.058695,-0.029471
0.00976754,0.105217,-0.0769788,-2.49676,0.0586849,-0.0297584
0.00976294,0.105215,-0.0769712,-2.49653,0.0586762,-0.0300364
0.00975768,0.105212,-0.0769675,-2.4963,0.0586686,-0.0303049
0.00975177,0.105209,-0.0769678,-2.49606,0.0586619,-0.0305636
0.00974518,0.105206,-0.0769721,-2.49582,0.0586558,-0.0308126
0.00973793,0.105203,-0.0769805,-2.49559,0.0586502,-0.0310516
0.00973,0.105201,-0.0769928,-2.49535,0.0586448,-0.0312806
0.00972139,0.105197,-0.0770092,-2.49512,0.0586397,-0.0314993
0.00971208,0.105194,-0.0770295,-2.4949,0.0586346,-0.0317077
0.00970209,0.105191,-0.0770537,-2.49469,0.0586294,-0.0319057
0.00969139,0.105188,-0.0770818,-2.49449,0.0586242,-0.0320931
0.00967997,0.105184,-0.0771136,-2.4943,0.0586189,-0.0322696
0.00966783,0.10518,-0.077149,-2.49413,0.0586135,-0.0324353
0.00965497,0.105177,-0.0771879,-2.49399,0.058608,-0.03259
0.00964137,0.105173,-0.0772302,-2.49386,0.0586024,-0.0327334
0.00962703,0.10517,-0.0772757,-2.49376,0.0585968,-0.0328654
0.00961195,0.105166,-0.0773242,-2.49368,0.0585913,-0.0329859
0.00959611,0.105163,-0.0773756,-2.49362,0.0585858,-0.0330947
0.00957953,0.10516,-0.0774297,-2.4936,0.0585806,-0.0331916
0.0095622,0.105158,-0.0774862,-2.4936,0.0585756,-0.0332764
0.00954412,0.105156,-0.077545,-2.49364,0.0585711,-0.033349
0.0095253,0.105154,-0.0776058,-2.49371,0.058567,-0.0334092
0.00950575,0.105153,-0.0776684,-2.49381,0.0585635,-0.0334569
0.00948548,0.105153,-0.0777326,-2.49394,0.0585606,-0.0334919
0.00946449,0.105153,-0.0777981,-2.49411,0.0585585,-0.0335141
0.00944281,0.105154,-0.0778647,-2.49432,0.0585572,-0.0335235
0.00942046,0.105156,-0.0779321,-2.49455,0.0585568,-0.0335198
0.00939745,0.105159,-0.0780002,-2.49483,0.0585573,-0.033503
0.00937381,0.105163,-0.0780686,-2.49514,0.0585588,-0.0334731
0.00934958,0.105168,-0.0781372,-2.49548,0.0585612,-0.03343
0.00932477,0.105174,-0.0782056,-2.49586,0.0585645,-0.0333738
0.00929944,0.105181,-0.0782737,-2.49627,0.0585687,-0.0333045
0.00927361,0.10519,-0.0783413,-2.49672,0.0585737,-0.033222
0.00924734,0.105199,-0.078408,-2.4972,0.0585795,-0.0331266
0.00922066,0.10521,-0.0784738,-2.49771,0.0585859,-0.0330182
0.00919362,0.105222,-0.0785384,-2.49826,0.0585928,-0.0328972
0.00916628,0.105235,-0.0786017,-2.49883,0.0586001,-0.0327635
0.00913868,0.105249,-0.0786634,-2.49943,0.0586074,-0.0326176
0.0091109,0.105265,-0.0787234,-2.50005,0.0586147,-0.0324595
0.00908297,0.105281,-0.0787816,-2.50071,0.0586216,-0.0322897
0.00905497,0.105299,-0.0788378,-2.50138,0.058628,-0.0321083
0.00902695,0.105318,-0.0788918,-2.50208,0.0586335,-0.0319158
0.00899898,0.105338,-0.0789437,-2.5028,0.0586378,-0.0317125
0.00897113,0.105359,-0.0789934,-2.50353,0.0586407,-0.0314987
0.00894345,0.105381,-0.0790406,-2.50428,0.0586417,-0.0312751
0.00891602,0.105405,-0.0790854,-2.50505,0.0586406,-0.0310419
0.00888888,0.105429,-0.0791278,-2.50582,0.0586371,-0.0307997
0.00886212,0.105453,-0.0791677,-2.50661,0.0586307,-0.0305489
0.00883578,0.105479,-0.0792052,-2.5074,0.0586211,-0.0302901
0.00880994,0.105506,-0.0792401,-2.5082,0.0586081,-0.0300238
0.00878464,0.105533,-0.0792726,-2.50901,0.0585912,-0.0297505
0.00875993,0.105561,-0.0793027,-2.50981,0.0585701,-0.0294708
0.00873588,0.10559,-0.0793304,-2.51062,0.0585446,-0.0291853
0.00871253,0.105619,-0.0793558,-2.51142,0.0585143,-0.0288945
0.00868991,0.105649,-0.079379,-2.51222,0.0584789,-0.028599
0.00866807,0.105679,-0.0794001,-2.51301,0.0584383,-0.0282993
0.00864705,0.10571,-0.0794191,-2.5138,0.0583922,-0.027996
0.00862686,0.105742,-0.0794363,-2.51457,0.0583404,-0.0276898
0.00860753,0.105773,-0.0794516,-2.51534,0.0582828,-0.027381
0.00858908,0.105806,-0.0794652,-2.51609,0.0582193,-0.0270704
0.00857151,0.105838,-0.0794774,-2.51683,0.0581497,-0.0267583
0.00855483,0.105871,-0.0794881,-2.51756,0.058074,-0.0264454
0.00853904,0.105905,-0.0794976,-2.51826,0.0579922,-0.0261322
0.00852413,0.105938,-0.0795061,-2.51896,0.0579044,-0.025819
0.00851007,0.105972,-0.0795136,-2.51963,0.0578106,-0.0255065
0.00849685,0.106006,-0.0795203,-2.52029,0.0577109,-0.0251949
0.00848444,0.106041,-0.0795265,-2.52092,0.0576055,-0.0248849
0.00847281,0.106076,-0.0795322,-2.52154,0.0574946,-0.0245767
0.00846191,0.10611,-0.0795376,-2.52214,0.0573784,-0.0242707
0.00845169,0.106146,-0.0795429,-2.52272,0.0572571,-0.0239673
0.00844212,0.106181,-0.0795483,-2.52328,0.0571312,-0.0236668
0.00843312,0.106217,-0.0795538,-2.52381,0.0570009,-0.0233695
0.00842464,0.106253,-0.0795597,-2.52433,0.0568666,-0.0230758
0.00841661,0.106289,-0.0795661,-2.52483,0.0567288,-0.0227858
0.00840897,0.106325,-0.0795731,-2.52531,0.0565878,-0.0224997
0.00840164,0.106361,-0.0795809,-2.52577,0.0564441,-0.0222178
0.00839455,0.106398,-0.0795896,-2.52622,0.0562983,-0.0219403
0.00838763,0.106434,-0.0795993,-2.52664,0.0561508,-0.0216674
0.00838079,0.106471,-0.0796102,-2.52705,0.0560022,-0.021399
0.00837397,0.106507,-0.0796223,-2.52745,0.0558531,-0.0211355
0.00836707,0.106544,-0.0796357,-2.52783,0.055704,-0.0208768
0.00836003,0.106581,-0.0796505,-2.52819,0.0555555,-0.0206232
0.00835277,0.106618,-0.0796669,-2.52854,0.0554082,-0.0203745
0.0083452,0.106654,-0.0796848,-2.52888,0.0552627,-0.0201309
0.00833727,0.106691,-0.0797044,-2.52921,0.0551196,-0.0198925
0.0083289,0.106727,-0.0797257,-2.52952,0.0549795,-0.0196592
0.00832001,0.106763,-0.0797488,-2.52983,0.0548431,-0.019431
0.00831055,0.106799,-0.0797736,-2.53013,0.054711,-0.0192081
0.00830045,0.106835,-0.0798002,-2.53042,0.0545836,-0.0189903
0.00828966,0.10687,-0.0798286,-2.53071,0.0544617,-0.0187777
0.00827812,0.106905,-0.0798589,-2.53099,0.0543459,-0.0185702
0.00826579,0.10694,-0.079891,-2.53126,0.0542366,-0.0183678
0.00825263,0.106973,-0.0799249,-2.53153,0.0541344,-0.0181706
0.00823859,0.107007,-0.0799606,-2.5318,0.0540398,-0.0179784
0.00822364,0.107039,-0.0799981,-2.53207,0.0539534,-0.0177913
0.00820776,0.107071,-0.0800373,-2.53233,0.0538757,-0.0176092
0.00819093,0.107101,-0.0800783,-2.53259,0.053807,-0.0174321
0.00817312,0.107131,-0.0801208,-2.53286,0.0537479,-0.01726
0.00815434,0.10716,-0.080165,-2.53313,0.0536986,-0.0170928
0.00813457,0.107188,-0.0802108,-2.53339,0.0536597,-0.0169304
0.00811381,0.107215,-0.080258,-2.53366,0.0536313,-0.0167729
0.00809208,0.10724,-0.0803066,-2.53393,0.0536139,-0.0166201
0.00806937,0.107264,-0.0803565,-2.53421,0.0536076,-0.0164721
0.00804571,0.107286,-0.0804077,-2.53449,0.0536128,-0.0163288
0.00802112,0.107307,-0.08046,-2.53478,0.0536295,-0.01619
0.00799562,0.107327,-0.0805134,-2.53506,0.053658,-0.0160559
0.00796925,0.107344,-0.0805678,-2.53536,0.0536984,-0.0159262
0.00794202,0.10736,-0.080623,-2.53566,0.0537507,-0.0158009
0.00791398,0.107374,-0.0806791,-2.53597,0.053815,-0.0156799
0.00788517,0.107387,-0.0807358,-2.53628,0.0538912,-0.015563
0.00785563,0.107397,-0.0807931,-2.5366,0.0539795,-0.0154503
0.0078254,0.107405,-0.080851,-2.53693,0.0540797,-0.0153415
0.00779452,0.107411,-0.0809092,-2.53726,0.0541916,-0.0152365
0.00776304,0.107414,-0.0809677,-2.53761,0.0543153,-0.0151352
0.00773102,0.107416,-0.0810264,-2.53796,0.0544504,-0.0150373
0.00769848,0.107415,-0.0810853,-2.53832,0.0545969,-0.0149427
0.00766549,0.107412,-0.0811441,-2.53869,0.0547546,-0.0148512
0.00763208,0.107406,-0.081203,-2.53907,0.0549231,-0.0147625
0.0075983,0.107398,-0.0812617,-2.53946,0.0551022,-0.0146763
0.00756418,0.107387,-0.0813202,-2.53987,0.0552916,-0.0145925
0.00752977,0.107373,-0.0813785,-2.54028,0.0554912,-0.0145106
0.0074951,0.107357,-0.0814364,-2.54071,0.0557004,-0.0144303
0.0074602,0.107338,-0.081494,-2.54114,0.0559191,-0.0143513
0.00742511,0.107317,-0.0815512,-2.5416,0.0561468,-0.0142733
0.00738983,0.107293,-0.0816079,-2.54206,0.0563833,-0.0141957
0.00735439,0.107266,-0.0816642,-2.54255,0.0566282,-0.0141182
0.00731881,0.107236,-0.0817201,-2.54305,0.0568811,-0.0140402
0.00728309,0.107203,-0.0817754,-2.54356,0.0571417,-0.0139613
0.00724724,0.107167,-0.0818303,-2.5441,0.0574096,-0.013881
0.00721125,0.107129,-0.0818848,-2.54465,0.0576846,-0.0137986
0.00717511,0.107087,-0.0819389,-2.54522,0.0579661,-0.0137136
0.00713881,0.107043,-0.0819925,-2.54582,0.058254,-0.0136254
0.00710233,0.106996,-0.0820459,-2.54644,0.0585478,-0.0135332
0.00706565,0.106945,-0.0820991,-2.54708,0.0588472,-0.0134366
0.00702874,0.106892,-0.082152,-2.54775,0.0591519,-0.0133346
0.00699156,0.106835,-0.0822049,-2.54844,0.0594616,-0.0132267
0.00695407,0.106775,-0.0822578,-2.54917,0.0597759,-0.013112
0.00691625,0.106713,-0.0823108,-2.54992,0.0600944,-0.0129898
0.00687803,0.106647,-0.082364,-2.5507,0.060417,-0.0128594
0.00683939,0.106578,-0.0824175,-2.55152,0.0607431,-0.0127198
0.00680026,0.106506,-0.0824716,-2.55237,0.0610726,-0.0125704
0.00676061,0.10643,-0.0825262,-2.55325,0.0614051,-0.0124103
0.00672037,0.106352,-0.0825815,-2.55418,0.0617402,-0.0122387
0.00667952,0.10627,-0.0826377,-2.55514,0.0620777,-0.0120548
0.006638,0.106185,-0.082695,-2.55614,0.0624171,-0.0118577
0.00659577,0.106096,-0.0827533,-2.55718,0.0627581,-0.0116468
0.00655278,0.106005,-0.082813,-2.55827,0.0631004,-0.0114212
0.00650901,0.10591,-0.0828741,-2.5594,0.0634435,-0.0111802
0.00646442,0.105812,-0.0829368,-2.56058,0.0637871,-0.010923
0.006419,0.10571,-0.0830011,-2.5618,0.0641308,-0.010649
0.00637271,0.105605,-0.0830673,-2.56307,0.0644741,-0.0103576
0.00632555,0.105497,-0.0831354,-2.56439,0.0648166,-0.0100482
0.00627752,0.105385,-0.0832056,-2.56576,0.0651579,-0.00972018
0.00622863,0.10527,-0.083278,-2.56719,0.0654976,-0.00937309
0.00617887,0.105151,-0.0833525,-2.56866,0.0658351,-0.00900652
0.00612828,0.10503,-0.0834294,-2.57019,0.06617,-0.00862013
0.00607689,0.104904,-0.0835087,-2.57177,0.0665019,-0.00821362
0.00602474,0.104776,-0.0835904,-2.5734,0.0668302,-0.0077868
0.00597187,0.104644,-0.0836746,-2.57509,0.0671545,-0.00733955
0.00591835,0.104508,-0.0837613,-2.57683,0.0674743,-0.00687184
0.00586424,0.104369,-0.0838505,-2.57862,0.0677891,-0.00638371
0.00580962,0.104227,-0.0839421,-2.58047,0.0680985,-0.0058753
0.00575458,0.104082,-0.0840363,-2.58237,0.068402,-0.00534684
0.0056992,0.103933,-0.0841329,-2.58433,0.0686993,-0.00479867
0.0056436,0.103781,-0.0842319,-2.58634,0.0689899,-0.00423118
0.00558787,0.103626,-0.0843332,-2.58839,0.0692734,-0.0036449
0.00553214,0.103468,-0.0844367,-2.5905,0.0695495,-0.00304041
0.00547651,0.103307,-0.0845424,-2.59266,0.0698179,-0.00241842
0.00542112,0.103143,-0.0846501,-2.59487,0.0700783,-0.00177968
0.0053661,0.102976,-0.0847598,-2.59712,0.0703305,-0.00112506
0.00531157,0.102806,-0.0848712,-2.59942,0.0705743,-0.000455501
0.00525768,0.102633,-0.0849842,-2.60176,0.0708095,0.000227979
0.00520454,0.102457,-0.0850987,-2.60414,0.0710361,0.000924294
0.00515232,0.102279,-0.0852146,-2.60656,0.0712539,0.00163229
0.00510113,0.102099,-0.0853316,-2.60902,0.0714631,0.00235074
0.00505111,0.101916,-0.0854496,-2.61152,0.0716635,0.00307839
0.0050024,0.101731,-0.0855684,-2.61404,0.0718554,0.00381391
0.00495513,0.101544,-0.0856877,-2.6166,0.0720389,0.00455594
0.00490941,0.101355,-0.0858076,-2.61919,0.0722141,0.00530308
0.00486538,0.101165,-0.0859276,-2.6218,0.0723813,0.00605392
0.00482315,0.100972,-0.0860478,-2.62443,0.0725407,0.00680701
0.00478282,0.100779,-0.0861678,-2.62708,0.0726926,0.00756091
0.0047445,0.100583,-0.0862875,-2.62975,0.0728373,0.00831417
0.00470829,0.100387,-0.0864067,-2.63243,0.0729752,0.00906533
0.00467428,0.10019,-0.0865253,-2.63513,0.0731066,0.00981298
0.00464254,0.0999922,-0.0866431,-2.63783,0.0732318,0.0105557
0.00461314,0.0997938,-0.0867599,-2.64054,0.0733512,0.0112921
0.00458616,0.0995948,-0.0868756,-2.64325,0.0734651,0.0120209
0.00456163,0.0993957,-0.08699,-2.64596,0.0735739,0.0127408
0.0045396,0.0991965,-0.087103,-2.64866,0.0736779,0.0134506
0.00452011,0.0989974,-0.0872146,-2.65136,0.0737773,0.014149
0.00450319,0.0987987,-0.0873246,-2.65405,0.0738724,0.0148351
0.00448884,0.0986004,-0.0874329,-2.65673,0.0739633,0.0155078
0.00447707,0.0984027,-0.0875394,-2.6594,0.0740501,0.0161663
0.00446788,0.0982059,-0.0876441,-2.66205,0.074133,0.0168096
0.00446126,0.09801,-0.0877469,-2.66468,0.0742119,0.0174372
0.00445719,0.0978152,-0.0878478,-2.66728,0.0742867,0.0180483
0.00445564,0.0976216,-0.0879468,-2.66987,0.0743572,0.0186425
0.00445656,0.0974294,-0.0880438,-2.67243,0.0744233,0.0192196
0.00445993,0.0972387,-0.0881389,-2.67496,0.0744845,0.0197791
0.00446568,0.0970495,-0.088232,-2.67747,0.0745405,0.020321
0.00447377,0.0968621,-0.0883232,-2.67994,0.0745906,0.0208454
0.00448413,0.0966764,-0.0884126,-2.68238,0.0746343,0.0213523
0.00449669,0.0964925,-0.0885002,-2.68479,0.0746709,0.0218422
0.0045114,0.0963105,-0.0885861,-2.68717,0.0746995,0.0223153
0.00452817,0.0961304,-0.0886702,-2.68951,0.0747191,0.0227724
0.00454692,0.0959523,-0.0887528,-2.69182,0.0747289,0.0232141
0.0045676,0.0957761,-0.088834,-2.69409,0.0747278,0.0236412
0.0045901,0.0956018,-0.0889137,-2.69633,0.0747145,0.0240547
0.00461436,0.0954294,-0.0889922,-2.69853,0.0746878,0.0244558
0.0046403,0.095259,-0.0890695,-2.7007,0.0746464,0.0248456
0.00466785,0.0950903,-0.0891457,-2.70283,0.0745889,0.0252255
0.00469691,0.0949234,-0.089221,-2.70493,0.0745139,0.0255969
0.00472743,0.0947582,-0.0892955,-2.70699,0.07442,0.0259615
0.00475933,0.0945945,-0.0893694,-2.70903,0.0743056,0.0263208
0.00479254,0.0944324,-0.0894426,-2.71103,0.0741692,0.0266767
0.004827,0.0942716,-0.0895155,-2.71301,0.0740094,0.027031
0.00486265,0.094112,-0.089588,-2.71496,0.0738245,0.0273855
0.00489944,0.0939535,-0.0896603,-2.71688,0.073613,0.0277423
0.00493731,0.093796,-0.0897325,-2.71878,0.0733735,0.0281035
0.00497622,0.0936393,-0.0898047,-2.72066,0.0731045,0.0284709
0.00501613,0.0934832,-0.089877,-2.72251,0.0728046,0.0288469
0.00505701,0.0933276,-0.0899495,-2.72436,0.0724725,0.0292335
0.00509883,0.0931723,-0.0900222,-2.72618,0.0721069,0.0296329
0.00514157,0.0930171,-0.0900953,-2.728,0.0717066,0.0300472
0.00518521,0.0928619,-0.0901688,-2.7298,0.0712705,0.0304785
0.00522975,0.0927064,-0.0902427,-2.7316,0.0707977,0.030929
0.00527518,0.0925506,-0.0903171,-2.73339,0.0702872,0.0314007
0.00532151,0.0923943,-0.090392,-2.73519,0.0697384,0.0318956
0.00536874,0.0922373,-0.0904674,-2.73698,0.0691507,0.0324158
0.00541691,0.0920794,-0.0905433,-2.73878,0.0685235,0.0329631
0.00546601,0.0919206,-0.0906196,-2.74058,0.0678566,0.0335393
0.00551609,0.0917606,-0.0906964,-2.7424,0.0671498,0.0341463
0.00556718,0.0915993,-0.0907737,-2.74423,0.0664031,0.0347855
0.00561932,0.0914367,-0.0908512,-2.74607,0.0656166,0.0354587
0.00567254,0.0912726,-0.0909291,-2.74793,0.0647907,0.0361672
0.0057269,0.091107,-0.0910071,-2.7498,0.0639258,0.0369123
0.00578245,0.0909397,-0.0910852,-2.7517,0.0630226,0.0376952
0.00583924,0.0907708,-0.0911633,-2.75363,0.0620819,0.0385169
0.00589733,0.0906,-0.0912413,-2.75558,0.0611046,0.0393783
0.00595679,0.0904276,-0.091319,-2.75756,0.0600918,0.0402801
0.00601766,0.0902533,-0.0913963,-2.75957,0.0590449,0.041223
0.00608002,0.0900772,-0.0914731,-2.76161,0.0579651,0.0422074
0.00614392,0.0898994,-0.0915491,-2.76368,0.0568541,0.0432336
0.00620944,0.0897199,-0.0916243,-2.76579,0.0557136,0.0443017
0.00627663,0.0895386,-0.0916985,-2.76793,0.0545452,0.0454116
0.00634554,0.0893558,-0.0917715,-2.77011,0.053351,0.0465632
0.00641624,0.0891714,-0.0918432,-2.77232,0.0521328,0.047756
0.00648878,0.0889855,-0.0919134,-2.77457,0.0508929,0.0489897
0.0065632,0.0887983,-0.0919818,-2.77686,0.0496334,0.0502635
0.00663956,0.0886099,-0.0920484,-2.77918,0.0483566,0.0515766
0.00671787,0.0884203,-0.0921131,-2.78154,0.0470646,0.0529281
0.00679818,0.0882298,-0.0921755,-2.78393,0.0457599,0.0543167
0.00688051,0.0880385,-0.0922357,-2.78636,0.0444449,0.0557414
0.00696487,0.0878466,-0.0922935,-2.78882,0.0431219,0.0572007
0.00705126,0.0876541,-0.0923486,-2.79132,0.0417933,0.0586932
0.00713968,0.0874613,-0.0924012,-2.79384,0.0404615,0.0602172
0.00723011,0.0872683,-0.0924509,-2.7964,0.0391289,0.061771
0.00732252,0.0870753,-0.0924978,-2.79898,0.0377978,0.063353
0.00741688,0.0868825,-0.0925418,-2.80159,0.0364705,0.0649612
0.00751314,0.0866901,-0.0925827,-2.80422,0.0351492,0.0665937
0.00761122,0.0864981,-0.0926207,-2.80687,0.0338362,0.0682485
0.00771107,0.0863068,-0.0926556,-2.80954,0.0325335,0.0699235
0.00781258,0.0861164,-0.0926875,-2.81223,0.0312431,0.0716168
0.00791566,0.0859269,-0.0927163,-2.81493,0.029967,0.0733261
0.0080202,0.0857385,-0.0927421,-2.81764,0.028707,0.0750495
0.00812607,0.0855513,-0.092765,-2.82036,0.0274648,0.0767847
0.00823313,0.0853655,-0.0927851,-2.82309,0.0262421,0.0785298
0.00834123,0.0851812,-0.0928024,-2.82581,0.0250402,0.0802826
0.00845022,0.0849984,-0.092817,-2.82854,0.0238607,0.0820411
0.00855991,0.0848173,-0.092829,-2.83126,0.0227048,0.0838032
0.00867013,0.0846379,-0.0928387,-2.83398,0.0215735,0.0855671
0.00878069,0.0844602,-0.0928462,-2.83669,0.020468,0.0873309
0.00889138,0.0842843,-0.0928517,-2.83939,0.0193891,0.0890927
0.00900199,0.0841102,-0.0928552,-2.84207,0.0183377,0.0908508
0.0091123,0.083938,-0.0928572,-2.84474,0.0173143,0.0926035
0.0092221,0.0837675,-0.0928577,-2.84739,0.0163195,0.0943493
0.00933114,0.0835988,-0.092857,-2.85001,0.0153539,0.0960867
0.0094392,0.0834318,-0.0928554,-2.85261,0.0144177,0.0978143
0.00954604,0.0832665,-0.0928531,-2.85519,0.0135113,0.0995308
0.00965142,0.0831027,-0.0928503,-2.85774,0.0126348,0.101235
0.00975509,0.0829405,-0.0928472,-2.86026,0.0117884,0.102926
0.00985682,0.0827796,-0.0928443,-2.86275,0.0109721,0.104602
0.00995635,0.08262,-0.0928416,-2.86521,0.0101859,0.106264
0.0100535,0.0824616,-0.0928394,-2.86763,0.00942982,0.107909
0.0101479,0.0823042,-0.092838,-2.87002,0.00870377,0.109538
0.0102395,0.0821477,-0.0928377,-2.87238,0.00800766,0.111149
0.0103279,0.0819919,-0.0928386,-2.8747,0.0073414,0.112742
0.010413,0.0818366,-0.092841,-2.87699,0.00670487,0.114318
0.0104946,0.0816817,-0.0928451,-2.87924,0.00609799,0.115874
0.0105724,0.0815271,-0.0928511,-2.88145,0.00552068,0.117412
0.0106462,0.0813725,-0.0928591,-2.88363,0.00497288,0.11893
0.0107159,0.0812177,-0.0928694,-2.88578,0.00445457,0.120429
0.0107813,0.0810627,-0.092882,-2.88789,0.00396577,0.121909
0.0108423,0.0809072,-0.0928972,-2.88997,0.00350654,0.123368
0.0108987,0.0807511,-0.092915,-2.89202,0.00307699,0.124809
0.0109503,0.0805941,-0.0929355,-2.89404,0.0026773,0.126229
0.0109971,0.0804362,-0.0929588,-2.89603,0.00230767,0.12763
0.0110389,0.0802772,-0.092985,-2.89799,0.0019684,0.12901
0.0110756,0.080117,-0.093014,-2.89993,0.00165981,0.130371
0.0111073,0.0799554,-0.0930459,-2.90184,0.0013823,0.131712
0.0111338,0.0797922,-0.0930807,-2.90373,0.00113632,0.133033
0.011155,0.0796275,-0.0931183,-2.90559,0.000922375,0.134334
0.011171,0.079461,-0.0931587,-2.90744,0.000741004,0.135615
0.0111818,0.0792928,-0.0932018,-2.90928,0.0005928,0.136876
0.0111874,0.0791227,-0.0932475,-2.91109,0.000478387,0.138116
0.0111877,0.0789506,-0.0932956,-2.9129,0.000398416,0.139335
0.0111828,0.0787766,-0.0933462,-2.91469,0.00035356,0.140534
0.0111728,0.0786006,-0.0933989,-2.91648,0.000344499,0.141711
0.0111578,0.0784226,-0.0934537,-2.91826,0.000371914,0.142867
0.0111378,0.0782426,-0.0935104,-2.92003,0.000436476,0.144001
0.0111129,0.0780607,-0.0935688,-2.9218,0.000538835,0.145112
0.0110832,0.0778767,-0.0936286,-2.92357,0.000679607,0.146202
0.0110489,0.0776908,-0.0936897,-2.92534,0.000859364,0.147268
0.01101,0.0775031,-0.0937518,-2.92711,0.00107862,0.14831
0.0109668,0.0773136,-0.0938148,-2.92888,0.00133783,0.149329
0.0109193,0.0771224,-0.0938784,-2.93065,0.00163735,0.150323
0.0108677,0.0769297,-0.0939424,-2.93243,0.00197746,0.151292
0.0108123,0.0767354,-0.0940064,-2.93422,0.00235834,0.152236
0.0107531,0.0765397,-0.0940704,-2.93601,0.00278004,0.153153
0.0106904,0.0763428,-0.0941341,-2.93781,0.0032425,0.154045
0.0106243,0.0761448,-0.0941972,-2.93962,0.00374553,0.154909
0.010555,0.0759458,-0.0942596,-2.94143,0.00428878,0.155746
0.0104828,0.0757461,-0.094321,-2.94325,0.00487178,0.156556
0.0104078,0.0755456,-0.0943812,-2.94508,0.00549386,0.157338
0.0103303,0.0753447,-0.0944401,-2.94692,0.00615423,0.158091
0.0102505,0.0751434,-0.0944974,-2.94876,0.00685191,0.158816
0.0101685,0.074942,-0.094553,-2.95061,0.00758576,0.159512
0.0100846,0.0747405,-0.0946068,-2.95247,0.00835446,0.16018
0.00999902,0.0745393,-0.0946586,-2.95433,0.00915651,0.160819
0.00991195,0.0743384,-0.0947082,-2.9562,0.00999026,0.16143
0.00982363,0.074138,-0.0947557,-2.95807,0.0108539,0.162012
0.00973426,0.0739383,-0.0948008,-2.95994,0.0117453,0.162566
0.00964406,0.0737394,-0.0948435,-2.96182,0.0126625,0.163092
0.00955325,0.0735415,-0.0948838,-2.96369,0.013603,0.163592
0.00946205,0.0733448,-0.0949216,-2.96557,0.0145644,0.164064
0.00937066,0.0731494,-0.0949569,-2.96744,0.015544,0.16451
0.00927931,0.0729554,-0.0949897,-2.9693,0.0165393,0.164931
0.00918819,0.072763,-0.09502,-2.97117,0.0175472,0.165327
0.00909752,0.0725723,-0.0950479,-2.97302,0.0185648,0.1657
0.00900751,0.0723834,-0.0950732,-2.97487,0.0195891,0.166051
0.00891834,0.0721965,-0.0950962,-2.97671,0.0206169,0.166379
0.00883022,0.0720116,-0.0951169,-2.97853,0.021645,0.166688
0.00874335,0.0718288,-0.0951354,-2.98035,0.0226703,0.166977
0.00865791,0.0716482,-0.0951516,-2.98214,0.0236894,0.167249
0.00857409,0.07147,-0.0951658,-2.98393,0.0246991,0.167505
0.00849208,0.0712941,-0.0951781,-2.9857,0.0256961,0.167745
0.00841204,0.0711207,-0.0951885,-2.98745,0.0266771,0.167972
0.00833416,0.0709497,-0.0951972,-2.98918,0.0276391,0.168187
0.00825859,0.0707812,-0.0952043,-2.99089,0.0285788,0.168392
0.00818551,0.0706153,-0.0952099,-2.99258,0.0294931,0.168587
0.00811506,0.0704519,-0.0952141,-2.99424,0.0303793,0.168776
0.00804739,0.0702912,-0.0952172,-2.99589,0.0312343,0.168958
0.00798266,0.070133,-0.0952191,-2.99751,0.0320555,0.169137
0.00792098,0.0699774,-0.09522,-2.99911,0.0328402,0.169312
0.0078625,0.0698245,-0.0952201,-3.00068,0.0335862,0.169487
0.00780734,0.0696741,-0.0952195,-3.00223,0.034291,0.169662
0.0077556,0.0695263,-0.0952182,-3.00376,0.0349526,0.169838
0.0077074,0.069381,-0.0952163,-3.00526,0.035569,0.170018
0.00766284,0.0692382,-0.0952141,-3.00673,0.0361387,0.170202
0.007622,0.069098,-0.0952114,-3.00818,0.03666,0.170391
0.00758497,0.0689601,-0.0952086,-3.0096,0.0371316,0.170588
0.00755183,0.0688248,-0.0952055,-3.011,0.0375524,0.170792
0.00752263,0.0686917,-0.0952023,-3.01238,0.0379215,0.171005
0.00749744,0.0685611,-0.095199,-3.01373,0.0382383,0.171228
0.00747629,0.0684327,-0.0951956,-3.01505,0.0385022,0.171462
0.00745923,0.0683066,-0.0951923,-3.01636,0.0387129,0.171707
0.00744628,0.0681827,-0.095189,-3.01764,0.0388705,0.171965
0.00743746,0.068061,-0.0951857,-3.0189,0.038975,0.172235
0.00743277,0.0679414,-0.0951824,-3.02014,0.0390268,0.172517
0.00743222,0.0678239,-0.0951792,-3.02135,0.0390263,0.172814
0.00743578,0.0677084,-0.095176,-3.02255,0.0389743,0.173124
0.00744344,0.0675949,-0.0951728,-3.02373,0.0388717,0.173447
0.00745515,0.0674834,-0.0951696,-3.02489,0.0387194,0.173785
0.00747087,0.0673739,-0.0951663,-3.02603,0.0385187,0.174136
0.00749055,0.0672662,-0.0951629,-3.02716,0.038271,0.1745
0.00751411,0.0671604,-0.0951595,-3.02827,0.0379776,0.174878
0.00754149,0.0670564,-0.0951558,-3.02936,0.0376403,0.175268
0.00757259,0.0669543,-0.095152,-3.03044,0.0372606,0.175671
0.00760732,0.0668539,-0.0951479,-3.0315,0.0368405,0.176086
0.00764557,0.0667553,-0.0951434,-3.03255,0.0363818,0.176512
0.00768722,0.0666584,-0.0951387,-3.03359,0.0358864,0.176948
0.00773216,0.0665633,-0.0951335,-3.03461,0.0353565,0.177395
0.00778024,0.0664698,-0.0951279,-3.03562,0.0347941,0.17785
0.00783132,0.0663781,-0.0951219,-3.03662,0.0342014,0.178314
0.00788526,0.066288,-0.0951153,-3.03761,0.0335804,0.178785
0.0079419,0.0661996,-0.0951081,-3.03858,0.0329335,0.179262
0.00800108,0.0661129,-0.0951004,-3.03954,0.0322628,0.179745
0.00806263,0.0660278,-0.0950921,-3.0405,0.0315705,0.180232
0.00812637,0.0659444,-0.0950832,-3.04144,0.0308588,0.180723
0.00819213,0.0658626,-0.0950737,-3.04236,0.0301298,0.181216
0.00825974,0.0657824,-0.0950636,-3.04328,0.0293856,0.18171
0.008329,0.0657039,-0.0950528,-3.04419,0.0286284,0.182206
0.00839973,0.0656271,-0.0950414,-3.04508,0.0278602,0.1827
0.00847174,0.0655518,-0.0950295,-3.04597,0.0270831,0.183194
0.00854486,0.0654782,-0.095017,-3.04684,0.0262989,0.183685
0.00861889,0.0654061,-0.095004,-3.0477,0.0255095,0.184173
0.00869366,0.0653357,-0.0949906,-3.04854,0.0247167,0.184657
0.00876898,0.0652668,-0.0949767,-3.04938,0.0239223,0.185136
0.00884467,0.0651996,-0.0949624,-3.0502,0.0231279,0.18561
0.00892056,0.0651338,-0.0949479,-3.05101,0.0223351,0.186078
0.00899648,0.0650697,-0.0949331,-3.0518,0.0215454,0.186538
0.00907228,0.065007,-0.0949181,-3.05258,0.0207602,0.186992
0.00914778,0.0649458,-0.0949031,-3.05335,0.0199808,0.187437
0.00922285,0.0648862,-0.0948881,-3.05411,0.0192084,0.187874
0.00929733,0.0648279,-0.0948731,-3.05485,0.0184443,0.188302
0.00937111,0.064771,-0.0948583,-3.05557,0.0176894,0.188721
0.00944404,0.0647155,-0.0948438,-3.05629,0.0169447,0.18913
0.00951602,0.0646613,-0.0948296,-3.05698,0.0162111,0.18953
0.00958694,0.0646084,-0.0948159,-3.05767,0.0154893,0.18992
0.0096567,0.0645567,-0.0948026,-3.05834,0.0147801,0.190301
0.00972522,0.0645062,-0.09479,-3.05899,0.0140841,0.190671
0.00979241,0.0644567,-0.094778,-3.05963,0.0134017,0.191032
0.00985822,0.0644083,-0.0947668,-3.06026,0.0127335,0.191383
0.00992259,0.0643608,-0.0947564,-3.06087,0.0120798,0.191724
0.00998548,0.0643142,-0.0947469,-3.06147,0.0114408,0.192056
0.0100468,0.0642684,-0.0947383,-3.06205,0.0108168,0.192379
0.0101067,0.0642234,-0.0947307,-3.06262,0.0102079,0.192693
0.010165,0.064179,-0.0947242,-3.06318,0.00961424,0.192998
0.0102217,0.0641351,-0.0947187,-3.06373,0.00903571,0.193295
0.0102769,0.0640917,-0.0947144,-3.06427,0.00847228,0.193584
0.0103306,0.0640486,-0.0947112,-3.0648,0.00792383,0.193866
0.0103828,0.0640059,-0.0947091,-3.06531,0.00739018,0.19414
0.0104335,0.0639633,-0.0947081,-3.06582,0.0068711,0.194409
0.0104828,0.0639207,-0.0947083,-3.06632,0.00636631,0.194671
0.0105308,0.0638782,-0.0947095,-3.06681,0.00587549,0.194928
0.0105776,0.0638355,-0.0947119,-3.06729,0.00539828,0.195179
0.0106231,0.0637926,-0.0947153,-3.06777,0.00493431,0.195426
0.0106674,0.0637493,-0.0947197,-3.06824,0.00448314,0.195669
0.0107108,0.0637057,-0.0947251,-3.06871,0.00404433,0.195909
0.0107531,0.0636615,-0.0947314,-3.06917,0.00361742,0.196145
0.0107946,0.0636167,-0.0947385,-3.06964,0.00320194,0.19638
0.0108354,0.0635711,-0.0947464,-3.0701,0.00279739,0.196612
0.0108755,0.0635248,-0.0947549,-3.07056,0.00240327,0.196842
0.010915,0.0634776,-0.0947641,-3.07102,0.00201911,0.197072
0.0109541,0.0634294,-0.0947738,-3.07148,0.00164439,0.197301
0.0109928,0.0633802,-0.094784,-3.07195,0.00127862,0.19753
0.0110313,0.0633298,-0.0947945,-3.07242,0.000921338,0.19776
0.0110696,0.0632783,-0.0948053,-3.07289,0.000572059,0.19799
0.0111079,0.0632255,-0.0948162,-3.07337,0.000230336,0.198221
0.0111463,0.0631714,-0.0948272,-3.07385,-0.00010427,0.198453
0.0111849,0.0631159,-0.0948382,-3.07434,-0.000432174,0.198688
0.0112237,0.063059,-0.0948491,-3.07484,-0.000753771,0.198924
0.0112628,0.0630007,-0.0948599,-3.07535,-0.00106943,0.199163
0.0113024,0.0629409,-0.0948704,-3.07587,-0.0013795,0.199404
0.0113425,0.0628796,-0.0948805,-3.07639,-0.00168431,0.199648
0.0113832,0.0628169,-0.0948903,-3.07693,-0.00198414,0.199894
0.0114245,0.0627526,-0.0948995,-3.07748,-0.00227928,0.200144
0.0114665,0.0626868,-0.0949083,-3.07803,-0.00256996,0.200397
0.0115093,0.0626195,-0.0949165,-3.0786,-0.00285642,0.200654
0.0115529,0.0625507,-0.094924,-3.07918,-0.00313885,0.200913
0.0115973,0.0624804,-0.0949309,-3.07978,-0.00341743,0.201176
0.0116425,0.0624088,-0.0949372,-3.08038,-0.00369233,0.201442
0.0116886,0.0623357,-0.0949427,-3.081,-0.00396368,0.201711
0.0117356,0.0622614,-0.0949475,-3.08162,-0.00423162,0.201983
0.0117834,0.0621858,-0.0949516,-3.08226,-0.00449627,0.202259
0.0118321,0.0621089,-0.094955,-3.08291,-0.00475773,0.202537
0.0118817,0.062031,-0.0949577,-3.08357,-0.00501611,0.202818
0.0119321,0.061952,-0.0949598,-3.08424,-0.00527149,0.203101
0.0119832,0.0618721,-0.0949612,-3.08493,-0.00552398,0.203386
0.0120351,0.0617913,-0.094962,-3.08562,-0.00577368,0.203674
0.0120877,0.0617098,-0.0949623,-3.08632,-0.00602069,0.203963
0.012141,0.0616276,-0.0949621,-3.08702,-0.00626512,0.204253
0.0121948,0.0615449,-0.0949614,-3.08774,-0.00650708,0.204545
0.0122492,0.0614618,-0.0949604,-3.08846,-0.00674671,0.204837
0.012304,0.0613785,-0.0949591,-3.08918,-0.00698415,0.20513
0.0123592,0.061295,-0.0949576,-3.08991,-0.00721956,0.205423
0.0124146,0.0612114,-0.0949559,-3.09064,-0.00745311,0.205715
0.0124703,0.061128,-0.0949542,-3.09137,-0.00768501,0.206007
0.0125262,0.0610449,-0.0949525,-3.09211,-0.00791546,0.206297
0.0125821,0.0609622,-0.0949509,-3.09284,-0.0081447,0.206586
0.012638,0.06088,-0.0949495,-3.09357,-0.00837297,0.206872
0.0126937,0.0607985,-0.0949484,-3.0943,-0.00860054,0.207156
0.0127493,0.0607179,-0.0949476,-3.09502,-0.0088277,0.207437
0.0128046,0.0606382,-0.0949473,-3.09573,-0.00905476,0.207715
0.0128595,0.0605596,-0.0949475,-3.09644,-0.00928203,0.207989
0.012914,0.0604823,-0.0949484,-3.09714,-0.00950984,0.208258
0.0129679,0.0604064,-0.0949499,-3.09782,-0.00973854,0.208523
0.0130213,0.0603321,-0.0949521,-3.0985,-0.00996848,0.208783
0.013074,0.0602594,-0.0949552,-3.09916,-0.0102,0.209037
0.013126,0.0601885,-0.0949591,-3.0998,-0.0104335,0.209285
0.0131772,0.0601195,-0.094964,-3.10043,-0.0106693,0.209526
0.0132275,0.0600525,-0.0949698,-3.10104,-0.0109078,0.209761
0.013277,0.0599877,-0.0949766,-3.10163,-0.0111493,0.209989
0.0133255,0.0599251,-0.0949844,-3.10221,-0.0113942,0.21021
0.013373,0.0598649,-0.0949933,-3.10276,-0.0116428,0.210423
0.0134195,0.0598071,-0.0950032,-3.10329,-0.0118953,0.210627
0.013465,0.0597518,-0.0950142,-3.10379,-0.0121522,0.210824
0.0135095,0.0596991,-0.0950263,-3.10427,-0.0124135,0.211012
0.0135528,0.0596491,-0.0950394,-3.10473,-0.0126796,0.211192
0.0135951,0.0596018,-0.0950535,-3.10516,-0.0129507,0.211363
0.0136362,0.0595574,-0.0950687,-3.10557,-0.0132269,0.211526
0.0136763,0.0595157,-0.0950848,-3.10595,-0.0135083,0.211679
0.0137154,0.0594769,-0.0951019,-3.10631,-0.013795,0.211824
0.0137534,0.059441,-0.0951198,-3.10663,-0.0140871,0.21196
0.0137903,0.059408,-0.0951386,-3.10693,-0.0143846,0.212087
0.0138262,0.059378,-0.0951581,-3.10721,-0.0146874,0.212206
0.0138612,0.0593509,-0.0951783,-3.10746,-0.0149954,0.212316
0.0138952,0.0593267,-0.0951992,-3.10768,-0.0153084,0.212419
0.0139284,0.0593055,-0.0952207,-3.10788,-0.0156264,0.212513
0.0139607,0.0592871,-0.0952426,-3.10805,-0.0159491,0.2126
0.0139922,0.0592717,-0.095265,-3.10819,-0.0162763,0.21268
0.0140229,0.0592591,-0.0952877,-3.10832,-0.0166075,0.212752
0.014053,0.0592493,-0.0953107,-3.10842,-0.0169426,0.212818
0.0140825,0.0592422,-0.0953338,-3.10849,-0.0172811,0.212879
0.0141114,0.0592379,-0.0953571,-3.10855,-0.0176226,0.212933
0.0141399,0.0592362,-0.0953805,-3.10859,-0.0179667,0.212983
0.0141679,0.0592371,-0.0954038,-3.1086,-0.018313,0.213028
0.0141956,0.0592405,-0.0954271,-3.1086,-0.018661,0.213069
0.014223,0.0592463,-0.0954502,-3.10859,-0.0190102,0.213107
0.0142502,0.0592545,-0.0954731,-3.10855,-0.0193602,0.213142
0.0142772,0.059265,-0.0954958,-3.10851,-0.0197103,0.213174
0.0143042,0.0592776,-0.0955182,-3.10844,-0.0200603,0.213206
0.0143313,0.0592923,-0.0955403,-3.10837,-0.0204094,0.213236
0.0143584,0.059309,-0.0955621,-3.10829,-0.0207574,0.213266
0.0143856,0.0593277,-0.0955835,-3.1082,-0.0211037,0.213296
0.0144131,0.059348,-0.0956046,-3.10809,-0.0214479,0.213327
0.0144408,0.0593701,-0.0956254,-3.10799,-0.0217896,0.213359
0.0144689,0.0593938,-0.0956458,-3.10787,-0.0221283,0.213393
0.0144974,0.0594189,-0.095666,-3.10775,-0.0224637,0.21343
0.0145264,0.0594454,-0.0956859,-3.10763,-0.0227955,0.21347
0.0145558,0.0594732,-0.0957055,-3.1075,-0.0231234,0.213513
0.0145858,0.0595021,-0.095725,-3.10737,-0.0234471,0.21356
0.0146163,0.059532,-0.0957445,-3.10724,-0.0237664,0.213611
0.0146475,0.0595628,-0.0957639,-3.10711,-0.0240811,0.213666
0.0146794,0.0595945,-0.0957833,-3.10698,-0.0243911,0.213727
0.0147119,0.0596268,-0.0958029,-3.10685,-0.0246963,0.213792
0.0147451,0.0596597,-0.0958228,-3.10672,-0.0249966,0.213863
0.0147791,0.0596931,-0.095843,-3.10658,-0.0252921,0.213939
0.0148137,0.0597269,-0.0958637,-3.10646,-0.0255826,0.214021
0.0148492,0.059761,-0.0958849,-3.10633,-0.0258684,0.214108
0.0148853,0.0597952,-0.0959069,-3.1062,-0.0261495,0.214201
0.0149222,0.0598295,-0.0959297,-3.10608,-0.026426,0.214299
0.0149598,0.0598637,-0.0959535,-3.10595,-0.0266981,0.214402
0.0149981,0.0598978,-0.0959784,-3.10583,-0.0269661,0.21451
0.0150371,0.0599316,-0.0960044,-3.10571,-0.02723,0.214622
0.0150767,0.0599651,-0.0960319,-3.10559,-0.0274903,0.214739
0.0151169,0.0599982,-0.0960608,-3.10547,-0.027747,0.21486
0.0151578,0.0600308,-0.0960913,-3.10535,-0.0280005,0.214985
0.0151992,0.0600627,-0.0961236,-3.10523,-0.0282512,0.215112
0.0152411,0.0600939,-0.0961576,-3.10511,-0.0284992,0.215243
0.0152834,0.0601244,-0.0961936,-3.10498,-0.0287449,0.215375
0.0153262,0.0601539,-0.0962316,-3.10486,-0.0289885,0.215508
0.0153693,0.0601826,-0.0962718,-3.10473,-0.0292304,0.215643
0.0154127,0.0602101,-0.0963141,-3.1046,-0.0294708,0.215777
0.0154563,0.0602366,-0.0963587,-3.10447,-0.02971,0.215911
0.0155001,0.0602619,-0.0964057,-3.10433,-0.0299483,0.216044
0.0155441,0.0602859,-0.096455,-3.10419,-0.0301858,0.216175
0.0155881,0.0603087,-0.0965066,-3.10404,-0.0304228,0.216304
0.0156322,0.06033,-0.0965607,-3.10389,-0.0306595,0.216429
0.0156762,0.0603499,-0.0966171,-3.10373,-0.0308959,0.216551
0.0157201,0.0603682,-0.096676,-3.10357,-0.0311323,0.216668
0.0157638,0.060385,-0.0967372,-3.1034,-0.0313686,0.21678
0.0158073,0.0604002,-0.0968007,-3.10323,-0.0316051,0.216887
0.0158506,0.0604137,-0.0968664,-3.10305,-0.0318415,0.216988
0.0158936,0.0604255,-0.0969343,-3.10287,-0.0320781,0.217082
0.0159362,0.0604356,-0.0970043,-3.10268,-0.0323146,0.217168
0.0159783,0.0604439,-0.0970762,-3.10248,-0.032551,0.217248
0.0160201,0.0604503,-0.09715,-3.10229,-0.0327872,0.217319
0.0160614,0.060455,-0.0972256,-3.10208,-0.0330229,0.217382
0.0161022,0.0604578,-0.0973027,-3.10188,-0.0332581,0.217437
0.0161424,0.0604587,-0.0973812,-3.10167,-0.0334924,0.217483
0.0161821,0.0604578,-0.097461,-3.10146,-0.0337255,0.21752
0.0162212,0.060455,-0.0975419,-3.10124,-0.0339573,0.217548
0.0162597,0.0604503,-0.0976237,-3.10103,-0.0341873,0.217567
0.0162976,0.0604439,-0.0977063,-3.10081,-0.0344153,0.217577
0.0163349,0.0604356,-0.0977894,-3.1006,-0.0346407,0.217579
0.0163716,0.0604255,-0.0978728,-3.10039,-0.0348634,0.217571
0.0164077,0.0604138,-0.0979565,-3.10018,-0.0350828,0.217555
0.0164432,0.0604003,-0.0980401,-3.09998,-0.0352985,0.217531
0.0164781,0.0603853,-0.0981234,-3.09978,-0.0355102,0.217499
0.0165124,0.0603687,-0.0982064,-3.09958,-0.0357174,0.217459
0.0165461,0.0603506,-0.0982888,-3.09939,-0.0359198,0.217412
0.0165793,0.0603312,-0.0983703,-3.09921,-0.0361168,0.217358
0.016612,0.0603104,-0.098451,-3.09904,-0.0363081,0.217298
0.0166442,0.0602886,-0.0985305,-3.09888,-0.0364932,0.217232
0.0166759,0.0602656,-0.0986087,-3.09873,-0.036672,0.217161
0.0167072,0.0602418,-0.0986854,-3.0986,-0.0368438,0.217085
0.0167381,0.0602172,-0.0987606,-3.09847,-0.0370086,0.217004
0.0167687,0.0601919,-0.0988341,-3.09836,-0.0371658,0.21692
0.0167989,0.0601662,-0.0989058,-3.09826,-0.0373153,0.216834
0.0168289,0.0601401,-0.0989755,-3.09817,-0.0374569,0.216745
0.0168587,0.0601139,-0.0990433,-3.0981,-0.0375902,0.216654
0.0168883,0.0600877,-0.0991089,-3.09805,-0.0377152,0.216562
0.0169177,0.0600617,-0.0991724,-3.09801,-0.0378317,0.21647
0.0169471,0.0600361,-0.0992337,-3.09799,-0.0379395,0.216378
0.0169765,0.0600111,-0.0992927,-3.09798,-0.0380388,0.216287
0.0170059,0.0599869,-0.0993495,-3.09799,-0.0381293,0.216197
0.0170354,0.0599636,-0.0994041,-3.09801,-0.0382111,0.216109
0.017065,0.0599415,-0.0994563,-3.09805,-0.0382844,0.216024
0.0170948,0.0599208,-0.0995064,-3.09811,-0.0383491,0.215941
0.0171248,0.0599017,-0.0995542,-3.09818,-0.0384054,0.215863
0.0171551,0.0598844,-0.0995999,-3.09827,-0.0384535,0.215788
0.0171857,0.059869,-0.0996435,-3.09837,-0.0384935,0.215717
0.0172167,0.0598558,-0.099685,-3.09848,-0.0385258,0.215652
0.0172481,0.059845,-0.0997245,-3.09861,-0.0385504,0.215592
0.0172799,0.0598366,-0.0997622,-3.09875,-0.0385678,0.215537
0.0173122,0.059831,-0.0997981,-3.0989,-0.0385782,0.215487
0.017345,0.0598282,-0.0998323,-3.09906,-0.038582,0.215444
0.0173784,0.0598285,-0.0998648,-3.09923,-0.0385795,0.215407
0.0174123,0.0598319,-0.0998959,-3.09942,-0.038571,0.215376
0.0174468,0.0598386,-0.0999256,-3.0996,-0.0385569,0.215352
0.0174819,0.0598488,-0.099954,-3.0998,-0.0385375,0.215334
0.0175176,0.0598624,-0.0999812,-3.1,-0.0385134,0.215323
0.017554,0.0598797,-0.100007,-3.10021,-0.0384848,0.215318
0.017591,0.0599006,-0.100033,-3.10042,-0.0384521,0.21532
0.0176286,0.0599252,-0.100057,-3.10064,-0.0384157,0.215328
0.0176669,0.0599537,-0.100081,-3.10086,-0.0383759,0.215342
0.0177057,0.0599859,-0.100103,-3.10108,-0.0383332,0.215362
0.0177452,0.060022,-0.100126,-3.1013,-0.0382879,0.215388
0.0177852,0.0600618,-0.100148,-3.10152,-0.0382404,0.21542
0.0178258,0.0601054,-0.100169,-3.10174,-0.0381909,0.215458
0.0178669,0.0601527,-0.10019,-3.10196,-0.0381398,0.2155
0.0179085,0.0602037,-0.100211,-3.10217,-0.0380873,0.215547
0.0179506,0.0602582,-0.100232,-3.10239,-0.0380338,0.215599
0.0179931,0.0603162,-0.100252,-3.1026,-0.0379796,0.215656
0.0180359,0.0603776,-0.100272,-3.10281,-0.0379248,0.215716
0.0180791,0.0604421,-0.100293,-3.10301,-0.0378697,0.21578
0.0181226,0.0605098,-0.100313,-3.10321,-0.0378146,0.215847
0.0181662,0.0605803,-0.100333,-3.1034,-0.0377595,0.215917
0.01821,0.0606535,-0.100353,-3.10359,-0.0377047,0.21599
0.018254,0.0607292,-0.100372,-3.10378,-0.0376503,0.216065
0.0182979,0.0608072,-0.100392,-3.10396,-0.0375965,0.216141
0.0183419,0.0608874,-0.100412,-3.10414,-0.0375433,0.216219
0.0183858,0.0609693,-0.100431,-3.10431,-0.037491,0.216298
0.0184295,0.0610529,-0.10045,-3.10447,-0.0374395,0.216378
0.0184731,0.0611378,-0.100469,-3.10463,-0.037389,0.216459
0.0185164,0.0612239,-0.100488,-3.10479,-0.0373395,0.216539
0.0185594,0.0613107,-0.100507,-3.10495,-0.0372911,0.216619
0.018602,0.0613982,-0.100525,-3.1051,-0.0372438,0.216698
0.0186441,0.061486,-0.100542,-3.10524,-0.0371977,0.216777
0.0186858,0.0615738,-0.10056,-3.10539,-0.0371528,0.216854
0.018727,0.0616614,-0.100576,-3.10553,-0.037109,0.216929
0.0187676,0.0617485,-0.100593,-3.10567,-0.0370665,0.217003
0.0188075,0.0618348,-0.100608,-3.1058,-0.0370252,0.217074
0.0188468,0.0619201,-0.100623,-3.10594,-0.0369851,0.217143
0.0188853,0.0620042,-0.100637,-3.10607,-0.0369462,0.21721
0.0189231,0.0620867,-0.100651,-3.1062,-0.0369085,0.217274
0.0189602,0.0621675,-0.100663,-3.10634,-0.036872,0.217334
0.0189964,0.0622463,-0.100675,-3.10647,-0.0368367,0.217391
0.0190318,0.0623229,-0.100686,-3.1066,-0.0368025,0.217445
0.0190663,0.0623972,-0.100695,-3.10673,-0.0367693,0.217495
0.0190999,0.0624688,-0.100704,-3.10687,-0.0367373,0.217541
0.0191327,0.0625376,-0.100712,-3.107,-0.0367062,0.217583
0.0191646,0.0626035,-0.100719,-3.10714,-0.0366761,0.21762
0.0191956,0.0626664,-0.100725,-3.10728,-0.0366469,0.217654
0.0192258,0.062726,-0.10073,-3.10742,-0.0366186,0.217682
0.019255,0.0627822,-0.100734,-3.10756,-0.0365911,0.217707
0.0192834,0.0628351,-0.100737,-3.1077,-0.0365643,0.217726
0.0193109,0.0628844,-0.100739,-3.10785,-0.0365381,0.217741
0.0193375,0.0629301,-0.100739,-3.108,-0.0365124,0.217751
0.0193633,0.0629721,-0.100739,-3.10815,-0.0364873,0.217756
0.0193884,0.0630105,-0.100738,-3.1083,-0.0364625,0.217756
0.0194126,0.0630452,-0.100736,-3.10846,-0.036438,0.217752
0.0194361,0.0630761,-0.100733,-3.10862,-0.0364137,0.217742
0.0194588,0.0631033,-0.100729,-3.10878,-0.0363894,0.217727
0.0194809,0.0631269,-0.100724,-3.10894,-0.0363651,0.217708
0.0195023,0.0631468,-0.100718,-3.10911,-0.0363407,0.217683
0.0195231,0.0631631,-0.100712,-3.10927,-0.0363159,0.217654
0.0195432,0.0631759,-0.100705,-3.10945,-0.0362909,0.21762
0.0195629,0.0631852,-0.100697,-3.10962,-0.0362653,0.217581
0.0195819,0.0631911,-0.100688,-3.10979,-0.0362391,0.217537
0.0196005,0.0631938,-0.100679,-3.10997,-0.0362122,0.217489
0.0196187,0.0631932,-0.100669,-3.11015,-0.0361846,0.217437
0.0196364,0.0631896,-0.100659,-3.11033,-0.036156,0.21738
0.0196537,0.063183,-0.100648,-3.11051,-0.0361264,0.21732
0.0196706,0.0631736,-0.100636,-3.1107,-0.0360958,0.217255
0.0196872,0.0631615,-0.100624,-3.11088,-0.036064,0.217186
0.0197036,0.0631468,-0.100612,-3.11107,-0.036031,0.217114
0.0197196,0.0631296,-0.100599,-3.11126,-0.0359968,0.217038
0.0197354,0.0631101,-0.100586,-3.11145,-0.0359612,0.216959
0.019751,0.0630885,-0.100572,-3.11164,-0.0359244,0.216877
0.0197663,0.0630648,-0.100559,-3.11183,-0.0358862,0.216792
0.0197815,0.0630392,-0.100545,-3.11203,-0.0358467,0.216704
0.0197964,0.0630119,-0.10053,-3.11222,-0.0358059,0.216613
0.0198113,0.062983,-0.100516,-3.11242,-0.0357639,0.216521
0.0198259,0.0629525,-0.100501,-3.11262,-0.0357206,0.216426
0.0198405,0.0629207,-0.100486,-3.11281,-0.0356762,0.216329
0.0198548,0.0628877,-0.100471,-3.11301,-0.0356308,0.21623
0.0198691,0.0628535,-0.100455,-3.11321,-0.0355845,0.21613
0.0198832,0.0628184,-0.10044,-3.11342,-0.0355374,0.216028
0.0198972,0.0627824,-0.100424,-3.11362,-0.0354896,0.215926
0.0199111,0.0627457,-0.100408,-3.11382,-0.0354413,0.215822
0.0199248,0.0627083,-0.100392,-3.11403,-0.0353928,0.215717
0.0199384,0.0626704,-0.100376,-3.11423,-0.0353441,0.215612
0.0199519,0.0626321,-0.10036,-3.11444,-0.0352955,0.215507
0.0199653,0.0625935,-0.100344,-3.11465,-0.0352472,0.215401
0.0199785,0.0625546,-0.100327,-3.11486,-0.0351995,0.215295
0.0199915,0.0625156,-0.10031,-3.11507,-0.0351525,0.215189
0.0200044,0.0624765,-0.100294,-3.11528,-0.0351066,0.215084
0.0200172,0.0624375,-0.100277,-3.11549,-0.035062,0.214978
0.0200297,0.0623985,-0.10026,-3.11571,-0.0350189,0.214874
0.0200422,0.0623598,-0.100243,-3.11592,-0.0349777,0.21477
0.0200544,0.0623213,-0.100226,-3.11614,-0.0349385,0.214666
0.0200665,0.062283,-0.100209,-3.11635,-0.0349016,0.214564
0.0200785,0.0622452,-0.100191,-3.11657,-0.0348674,0.214463
0.0200903,0.0622078,-0.100174,-3.11679,-0.0348359,0.214362
0.0201019,0.0621708,-0.100156,-3.11702,-0.0348076,0.214264
0.0201134,0.0621344,-0.100139,-3.11724,-0.0347826,0.214166
0.0201248,0.0620986,-0.100121,-3.11746,-0.0347612,0.21407
0.020136,0.0620634,-0.100103,-3.11769,-0.0347434,0.213976
0.0201471,0.0620289,-0.100085,-3.11791,-0.0347297,0.213883
0.0201581,0.0619951,-0.100067,-3.11814,-0.03472,0.213792
0.0201689,0.061962,-0.100049,-3.11837,-0.0347146,0.213703
0.0201797,0.0619296,-0.100031,-3.1186,-0.0347135,0.213616
0.0201904,0.0618981,-0.100013,-3.11883,-0.0347169,0.213531
0.020201,0.0618674,-0.0999951,-3.11906,-0.0347249,0.213448
0.0202115,0.0618375,-0.099977,-3.11929,-0.0347375,0.213367
0.020222,0.0618085,-0.099959,-3.11952,-0.0347548,0.213289
0.0202325,0.0617804,-0.0999409,-3.11976,-0.0347766,0.213212
0.0202428,0.0617532,-0.099923,-3.11999,-0.0348031,0.213138
0.0202532,0.0617269,-0.0999051,-3.12022,-0.0348341,0.213066
0.0202635,0.0617015,-0.0998873,-3.12045,-0.0348696,0.212997
0.0202738,0.0616771,-0.0998696,-3.12068,-0.0349093,0.212929
0.020284,0.0616536,-0.0998521,-3.12091,-0.0349533,0.212865
0.0202941,0.061631,-0.0998348,-3.12114,-0.0350012,0.212802
0.0203042,0.0616094,-0.0998176,-3.12136,-0.0350529,0.212742
0.0203143,0.0615887,-0.0998008,-3.12159,-0.0351082,0.212684
0.0203242,0.0615689,-0.0997842,-3.12181,-0.0351668,0.212628
0.020334,0.0615501,-0.099768,-3.12203,-0.0352283,0.212575
0.0203436,0.0615322,-0.0997521,-3.12224,-0.0352925,0.212523
0.020353,0.0615153,-0.0997366,-3.12245,-0.0353591,0.212474
0.0203623,0.0614992,-0.0997215,-3.12266,-0.0354276,0.212427
0.0203713,0.061484,-0.099707,-3.12286,-0.0354978,0.212381
0.0203799,0.0614697,-0.0996929,-3.12306,-0.0355691,0.212338
0.0203883,0.0614563,-0.0996795,-3.12325,-0.0356413,0.212296
0.0203962,0.0614437,-0.0996666,-3.12343,-0.0357139,0.212255
0.0204038,0.0614319,-0.0996544,-3.12361,-0.0357865,0.212216
0.0204108,0.061421,-0.0996428,-3.12378,-0.0358586,0.212178
0.0204173,0.0614108,-0.099632,-3.12395,-0.0359298,0.212142
0.0204232,0.0614014,-0.0996219,-3.1241,-0.0359997,0.212107
0.0204285,0.0613928,-0.0996127,-3.12425,-0.0360679,0.212072
0.020433,0.0613848,-0.0996042,-3.12439,-0.0361339,0.212038
0.0204369,0.0613776,-0.0995966,-3.12452,-0.0361974,0.212006
0.02044,0.061371,-0.0995899,-3.12464,-0.0362579,0.211973
0.0204423,0.061365,-0.099584,-3.12475,-0.036315,0.211941
0.0204438,0.0613597,-0.0995791,-3.12485,-0.0363685,0.21191
0.0204444,0.0613549,-0.099575,-3.12495,-0.036418,0.211879
0.0204441,0.0613507,-0.0995719,-3.12503,-0.0364632,0.211848
0.0204429,0.061347,-0.0995697,-3.1251,-0.0365038,0.211817
0.0204409,0.0613438,-0.0995683,-3.12516,-0.0365396,0.211787
0.020438,0.0613411,-0.0995679,-3.12521,-0.0365704,0.211757
0.0204343,0.0613387,-0.0995682,-3.12525,-0.0365959,0.211727
0.0204297,0.0613368,-0.0995694,-3.12528,-0.0366161,0.211698
0.0204243,0.0613353,-0.0995714,-3.1253,-0.036631,0.211669
0.0204182,0.0613341,-0.0995741,-3.12532,-0.0366403,0.21164
0.0204114,0.0613333,-0.0995776,-3.12532,-0.0366441,0.211612
0.020404,0.0613328,-0.0995816,-3.12531,-0.0366425,0.211585
0.0203961,0.0613325,-0.0995862,-3.1253,-0.0366355,0.211559
0.0203877,0.0613325,-0.0995914,-3.12527,-0.0366232,0.211534
0.020379,0.0613328,-0.099597,-3.12524,-0.0366057,0.21151
0.02037,0.0613333,-0.0996029,-3.1252,-0.0365833,0.211488
0.0203608,0.061334,-0.0996092,-3.12515,-0.0365561,0.211468
0.0203516,0.061335,-0.0996157,-3.1251,-0.0365244,0.211451
0.0203425,0.0613361,-0.0996224,-3.12504,-0.0364883,0.211435
0.0203335,0.0613375,-0.0996292,-3.12497,-0.0364484,0.211423
0.0203249,0.0613391,-0.099636,-3.1249,-0.0364047,0.211413
0.0203166,0.0613409,-0.0996428,-3.12483,-0.0363577,0.211406
0.0203088,0.061343,-0.0996495,-3.12475,-0.0363077,0.211404
0.0203015,0.0613453,-0.099656,-3.12466,-0.036255,0.211404
0.020295,0.0613478,-0.0996625,-3.12457,-0.0362001,0.211409
0.0202891,0.0613507,-0.0996687,-3.12448,-0.0361431,0.211418
0.020284,0.0613539,-0.0996747,-3.12439,-0.0360845,0.211431
0.0202798,0.0613575,-0.0996805,-3.12429,-0.0360246,0.211449
0.0202763,0.0613614,-0.0996861,-3.12419,-0.0359637,0.211471
0.0202737,0.0613658,-0.0996915,-3.12408,-0.0359021,0.211498
0.0202719,0.0613707,-0.0996967,-3.12397,-0.0358401,0.211529
