-0.849052,-0.459907,2.28463,1.93141,1.11019,-2.70929
-0.849227,-0.459714,2.28459,1.93125,1.11036,-2.70944
-0.849365,-0.459631,2.28434,1.93056,1.11059,-2.70953
-0.849472,-0.459452,2.28418,1.93005,1.1107,-2.7098
-0.849462,-0.459486,2.28379,1.92914,1.11063,-2.70944
-0.849599,-0.45887,2.28349,1.92759,1.11066,-2.70961
-0.84969,-0.458308,2.2833,1.92626,1.11082,-2.70981
-0.849711,-0.458128,2.28298,1.92518,1.11085,-2.7098
-0.849697,-0.457874,2.28258,1.9237,1.11086,-2.70968
-0.850006,-0.457407,2.28229,1.92242,1.11153,-2.70997
-0.850244,-0.45707,2.28197,1.92143,1.11186,-2.70974
-0.850418,-0.457164,2.28172,1.92106,1.11231,-2.70998
-0.8508,-0.456996,2.28137,1.92037,1.11302,-2.70985
-0.851078,-0.456838,2.2809,1.91913,1.11354,-2.70994
-0.851608,-0.45623,2.28042,1.91749,1.11449,-2.70972
-0.852126,-0.455687,2.27982,1.91549,1.11555,-2.70989
-0.852504,-0.454901,2.2789,1.91216,1.11635,-2.70997
-0.853006,-0.453724,2.27804,1.90854,1.11734,-2.7101
-0.853592,-0.452544,2.27699,1.90431,1.11858,-2.71026
-0.854195,-0.450771,2.27593,1.89931,1.11955,-2.71009
-0.854617,-0.449566,2.27482,1.89483,1.12042,-2.71026
-0.855241,-0.447818,2.27365,1.88974,1.1214,-2.71
-0.855928,-0.446146,2.27257,1.88501,1.12274,-2.71019
-0.856657,-0.44443,2.27131,1.87984,1.12384,-2.71002
-0.857209,-0.44334,2.2701,1.87566,1.12481,-2.71017
-0.858027,-0.442148,2.26865,1.87089,1.12648,-2.71013
-0.858921,-0.440493,2.26733,1.86587,1.12811,-2.71065
-0.859723,-0.439302,2.26574,1.86073,1.12988,-2.71111
-0.860449,-0.438044,2.26408,1.85539,1.13128,-2.71097
-0.861445,-0.436134,2.26248,1.84935,1.13317,-2.71147
-0.862267,-0.434539,2.26071,1.84334,1.13457,-2.71149
-0.8632,-0.433105,2.2588,1.83728,1.13642,-2.71157
-0.864182,-0.431129,2.25703,1.83089,1.13792,-2.71161
-0.864987,-0.429753,2.25517,1.82497,1.13924,-2.71165
-0.865982,-0.428036,2.25325,1.81869,1.14085,-2.7116
-0.866688,-0.426617,2.25112,1.81165,1.14241,-2.71194
-0.867813,-0.424524,2.24888,1.80383,1.14427,-2.7119
-0.868691,-0.422592,2.2465,1.79548,1.14585,-2.71191
-0.869833,-0.420277,2.2439,1.78612,1.14793,-2.71212
-0.870792,-0.417972,2.24127,1.77642,1.14975,-2.71257
-0.872024,-0.415333,2.2385,1.76616,1.15209,-2.71291
-0.873108,-0.413019,2.23598,1.75698,1.15382,-2.7133
-0.874256,-0.410659,2.23323,1.74735,1.15554,-2.71315
-0.875371,-0.408575,2.23082,1.73881,1.15739,-2.71378
-0.876414,-0.407038,2.22834,1.73103,1.15881,-2.71333
-0.877512,-0.405964,2.22595,1.72415,1.1604,-2.71301
-0.878654,-0.404703,2.22364,1.71715,1.16198,-2.71256
-0.879611,-0.403417,2.22138,1.70997,1.16303,-2.71215
-0.880866,-0.401676,2.21889,1.70188,1.16452,-2.71137
-0.882056,-0.400206,2.21631,1.6937,1.16624,-2.71094
-0.882921,-0.398447,2.21365,1.6845,1.16728,-2.71119
-0.884009,-0.396278,2.21068,1.67415,1.16855,-2.71091
-0.884784,-0.394936,2.20745,1.66387,1.16969,-2.71107
-0.885637,-0.393267,2.20431,1.6535,1.17066,-2.71059
-0.886659,-0.391663,2.2012,1.64319,1.1723,-2.71083
-0.887764,-0.390119,2.19781,1.63255,1.17361,-2.70958
-0.888982,-0.388344,2.1949,1.62291,1.1752,-2.70884
-0.890058,-0.386715,2.19189,1.61302,1.17641,-2.70783
-0.89122,-0.385423,2.18868,1.60306,1.17804,-2.70655
-0.892289,-0.383862,2.1853,1.59208,1.17937,-2.70536
-0.893393,-0.382456,2.18171,1.58072,1.18112,-2.70475
-0.894481,-0.380957,2.17826,1.56961,1.18278,-2.70451
-0.89582,-0.378909,2.17453,1.55763,1.18442,-2.70377
-0.897057,-0.377543,2.17107,1.54705,1.18629,-2.70378
-0.898276,-0.376055,2.16781,1.53681,1.18808,-2.70351
-0.899313,-0.374936,2.16464,1.52716,1.18944,-2.70324
-0.900392,-0.374118,2.16177,1.51881,1.19119,-2.70339
-0.901402,-0.373405,2.15895,1.51087,1.19263,-2.70299
-0.902303,-0.372841,2.15605,1.50252,1.19424,-2.70337
-0.903261,-0.37215,2.15347,1.49505,1.19579,-2.70328
-0.90421,-0.371645,2.15079,1.48748,1.1975,-2.70346
-0.905127,-0.370961,2.14786,1.47911,1.19887,-2.70261
-0.905951,-0.370369,2.14545,1.47196,1.20038,-2.70277
-0.906955,-0.369295,2.14292,1.46411,1.20212,-2.70266
-0.908016,-0.368252,2.14043,1.4565,1.20422,-2.70271
-0.908931,-0.367457,2.1376,1.44827,1.20606,-2.70236
-0.909816,-0.366839,2.13485,1.44023,1.2083,-2.70279
-0.910632,-0.366371,2.13164,1.43125,1.21057,-2.7028
-0.911658,-0.365637,2.12819,1.42156,1.21321,-2.70293
-0.912608,-0.365035,2.12486,1.41226,1.21625,-2.70387
-0.913643,-0.364161,2.12123,1.40228,1.2188,-2.70362
-0.914365,-0.36398,2.11783,1.39345,1.22113,-2.70351
-0.915161,-0.363245,2.11475,1.38474,1.22333,-2.70403
-0.915768,-0.362993,2.11224,1.37808,1.22554,-2.70479
-0.91642,-0.362795,2.10983,1.3721,1.22723,-2.70491
-0.916898,-0.362646,2.10777,1.36698,1.2289,-2.70557
-0.917422,-0.362704,2.10601,1.36299,1.23056,-2.70583
-0.917852,-0.36282,2.10458,1.35994,1.23209,-2.70639
-0.918311,-0.363282,2.10338,1.35813,1.23388,-2.70672
-0.918807,-0.363501,2.10233,1.35653,1.2357,-2.70728
-0.919039,-0.363977,2.10154,1.35576,1.23716,-2.70812
-0.919604,-0.364466,2.10074,1.3556,1.2392,-2.70851
-0.919944,-0.364808,2.10023,1.35579,1.24106,-2.70989
-0.920255,-0.365297,2.09983,1.35664,1.24272,-2.71076
-0.920538,-0.365445,2.09931,1.35687,1.24418,-2.71188
-0.920675,-0.365815,2.09885,1.35758,1.24548,-2.71332
-0.920765,-0.366103,2.09861,1.35869,1.24697,-2.71505
-0.920752,-0.366438,2.09828,1.35971,1.24798,-2.7163
-0.920731,-0.366715,2.09805,1.36094,1.24896,-2.71731
-0.920539,-0.36737,2.09784,1.36265,1.2496,-2.71773
-0.920368,-0.367644,2.09775,1.3641,1.25027,-2.71832
-0.920292,-0.36779,2.09766,1.36554,1.2513,-2.71922
-0.920152,-0.367983,2.09737,1.3666,1.25197,-2.71948
-0.920089,-0.367764,2.0971,1.36718,1.25285,-2.72025
-0.920127,-0.367598,2.09668,1.36788,1.25389,-2.72065
-0.919895,-0.367659,2.09601,1.36792,1.25468,-2.72137
-0.919537,-0.36752,2.09539,1.36766,1.25521,-2.72227
-0.919284,-0.36737,2.09492,1.36812,1.25603,-2.72315
-0.918969,-0.367008,2.09449,1.36829,1.25668,-2.72443
-0.91849,-0.366594,2.09426,1.36878,1.25678,-2.72581
-0.918123,-0.366081,2.09421,1.36973,1.25721,-2.72724
-0.917841,-0.365216,2.09442,1.3711,1.25719,-2.72834
-0.917377,-0.364574,2.09475,1.37303,1.25674,-2.72896
-0.916975,-0.363808,2.0954,1.37567,1.25633,-2.72969
-0.916562,-0.363345,2.09608,1.37879,1.25619,-2.73039
-0.916111,-0.362962,2.09681,1.38216,1.25587,-2.73064
-0.915457,-0.362698,2.09759,1.38556,1.25527,-2.73143
-0.915029,-0.361708,2.098,1.38736,1.25473,-2.73229
-0.914717,-0.360736,2.09847,1.38936,1.25449,-2.7336
-0.913917,-0.36003,2.09881,1.39089,1.25302,-2.73452
-0.913558,-0.358597,2.09922,1.39213,1.25211,-2.73601
-0.913084,-0.357147,2.09981,1.39373,1.25091,-2.73747
-0.912421,-0.356112,2.09993,1.39447,1.24912,-2.73797
-0.911702,-0.354856,2.09997,1.3945,1.24713,-2.73848
-0.910981,-0.35359,2.1001,1.39473,1.24496,-2.73867
-0.910298,-0.352288,2.10019,1.39491,1.24282,-2.73878
-0.909837,-0.350842,2.10008,1.39457,1.24087,-2.73881
-0.909282,-0.34945,2.09985,1.39377,1.23884,-2.73902
-0.908687,-0.348314,2.09949,1.3928,1.23678,-2.73956
-0.908274,-0.346763,2.09918,1.39153,1.2352,-2.74104
-0.908026,-0.344889,2.09869,1.38978,1.23344,-2.74206
-0.907587,-0.343723,2.09852,1.38918,1.23183,-2.74361
-0.907087,-0.342208,2.0982,1.38762,1.22967,-2.74481
-0.906528,-0.341164,2.09806,1.38697,1.22745,-2.7454
-0.906093,-0.339825,2.09787,1.38586,1.22522,-2.74583
-0.905616,-0.339091,2.09789,1.38579,1.22309,-2.74592
-0.905424,-0.337825,2.09796,1.38541,1.22138,-2.74621
-0.905155,-0.336992,2.09807,1.38555,1.21931,-2.74589
-0.905235,-0.335636,2.09824,1.38543,1.21785,-2.7462
-0.905187,-0.334521,2.09855,1.38546,1.21628,-2.7467
-0.905288,-0.333533,2.09858,1.38493,1.21512,-2.74715
-0.905394,-0.332225,2.0985,1.38353,1.21366,-2.74755
-0.90562,-0.331163,2.09856,1.38259,1.2129,-2.74796
-0.905802,-0.330182,2.09865,1.38143,1.21179,-2.74814
-0.905905,-0.329295,2.0985,1.37956,1.21039,-2.74773
-0.906078,-0.328421,2.09852,1.3779,1.20919,-2.74768
-0.906453,-0.327699,2.09841,1.37613,1.2084,-2.747
-0.906778,-0.327164,2.09856,1.37486,1.20759,-2.74675
-0.907395,-0.326582,2.09844,1.37313,1.20715,-2.74536
-0.908163,-0.325943,2.09863,1.37165,1.20747,-2.7452
-0.908831,-0.325385,2.09866,1.36937,1.20766,-2.74456
-0.909569,-0.325238,2.09881,1.36771,1.2082,-2.74357
-0.910394,-0.324684,2.09888,1.36505,1.20905,-2.74291
-0.911276,-0.324011,2.09897,1.36222,1.20994,-2.74202
-0.9119,-0.323434,2.09915,1.35944,1.21014,-2.74045
-0.912588,-0.32271,2.09887,1.35531,1.21035,-2.7384
-0.913215,-0.321781,2.09884,1.35158,1.21013,-2.73635
-0.913551,-0.321194,2.09847,1.34726,1.2095,-2.73391
-0.91385,-0.320957,2.09805,1.34295,1.20953,-2.73215
-0.914298,-0.32061,2.09768,1.33882,1.21009,-2.73071
-0.914702,-0.320467,2.09755,1.33552,1.21057,-2.72949
-0.915012,-0.320318,2.09761,1.33254,1.21083,-2.72809
-0.915795,-0.31972,2.09783,1.3301,1.2122,-2.72724
-0.916238,-0.319729,2.09818,1.32818,1.21316,-2.72633
-0.916617,-0.320136,2.09835,1.32628,1.21443,-2.72505
-0.917203,-0.319985,2.09848,1.324,1.21601,-2.72375
-0.917768,-0.320059,2.09889,1.32273,1.21752,-2.72236
-0.917965,-0.320467,2.09926,1.32164,1.21823,-2.72051
-0.918115,-0.321057,2.09943,1.32026,1.21911,-2.71866
-0.918311,-0.321483,2.09965,1.31881,1.22032,-2.71742
-0.918845,-0.321663,2.09949,1.3166,1.22236,-2.71644
-0.919351,-0.322006,2.09921,1.31397,1.22478,-2.71586
-0.919705,-0.322361,2.09865,1.31069,1.22689,-2.715
-0.920291,-0.322064,2.09803,1.30689,1.22884,-2.71431
-0.920847,-0.322049,2.09739,1.30336,1.23111,-2.71369
-0.921287,-0.322297,2.09647,1.29941,1.23337,-2.71297
-0.9219,-0.322677,2.09546,1.29557,1.23643,-2.71237
-0.922486,-0.323362,2.09452,1.29235,1.23964,-2.71228
-0.923138,-0.323778,2.0937,1.28967,1.2426,-2.71154
-0.923838,-0.324207,2.09294,1.28714,1.24569,-2.71126
-0.924442,-0.325229,2.0921,1.28519,1.24892,-2.71082
-0.924793,-0.326534,2.09134,1.28373,1.25179,-2.71041
-0.925322,-0.327545,2.09052,1.28208,1.25479,-2.71014
-0.925817,-0.328786,2.08971,1.28092,1.25797,-2.71004
-0.926503,-0.329325,2.08893,1.27939,1.26119,-2.71022
-0.926762,-0.330371,2.08805,1.27816,1.26376,-2.71029
-0.927097,-0.331355,2.08722,1.27716,1.2666,-2.71098
-0.927624,-0.332236,2.0864,1.27663,1.26969,-2.71173
-0.927778,-0.333513,2.0855,1.27622,1.2722,-2.71261
-0.928176,-0.334287,2.08457,1.27571,1.27492,-2.7137
-0.928488,-0.335517,2.08389,1.27651,1.27768,-2.71488
-0.928768,-0.336907,2.08316,1.2775,1.28055,-2.71639
-0.929142,-0.338248,2.08232,1.27849,1.28355,-2.71786
-0.929772,-0.339465,2.08166,1.28018,1.287,-2.71988
-0.930047,-0.341233,2.08095,1.28238,1.28981,-2.72155
-0.930379,-0.342566,2.08046,1.28481,1.29239,-2.72332
-0.930697,-0.344004,2.07967,1.28692,1.2949,-2.72506
-0.931017,-0.345459,2.07917,1.28991,1.29731,-2.72687
-0.931363,-0.346784,2.07842,1.29225,1.29984,-2.7289
-0.931424,-0.348285,2.07763,1.29457,1.30189,-2.73098
-0.931902,-0.348935,2.07702,1.29665,1.30442,-2.73368
-0.932014,-0.350215,2.07618,1.29886,1.30648,-2.73592
-0.931963,-0.351664,2.07543,1.30114,1.30813,-2.73798
-0.932172,-0.352276,2.07475,1.3029,1.30988,-2.74065
-0.932433,-0.352937,2.07422,1.30538,1.31157,-2.7428
-0.932574,-0.35352,2.07364,1.30758,1.31281,-2.74488
-0.932811,-0.354145,2.07297,1.30969,1.31411,-2.74679
-0.933023,-0.354852,2.07225,1.31181,1.31527,-2.74873
-0.933162,-0.355439,2.07175,1.31431,1.316,-2.75044
-0.933223,-0.355774,2.07152,1.31692,1.31621,-2.75213
-0.933137,-0.356363,2.07145,1.32021,1.31599,-2.75336
-0.933374,-0.355719,2.07144,1.32232,1.31569,-2.75497
-0.933219,-0.355735,2.07186,1.32606,1.31459,-2.75581
-0.932955,-0.356138,2.07176,1.32867,1.31366,-2.75695
-0.932646,-0.356226,2.07185,1.3312,1.31244,-2.75827
-0.932476,-0.356234,2.07173,1.33325,1.31148,-2.75976
-0.932557,-0.355497,2.07152,1.33438,1.31046,-2.76136
-0.932365,-0.354778,2.07119,1.33484,1.30885,-2.76299
-0.93234,-0.353954,2.07066,1.33504,1.30728,-2.76397
-0.932222,-0.352793,2.0704,1.33498,1.30577,-2.76591
-0.931928,-0.35202,2.06993,1.33482,1.30383,-2.76705
-0.931582,-0.351441,2.06929,1.3343,1.30172,-2.76757
-0.931127,-0.350561,2.06904,1.33427,1.29903,-2.76811
-0.930778,-0.349585,2.06886,1.33446,1.2963,-2.76855
-0.930204,-0.348897,2.06879,1.33498,1.29303,-2.76873
-0.929948,-0.347885,2.06874,1.33549,1.29027,-2.76903
-0.929566,-0.346962,2.06886,1.33626,1.28739,-2.76969
-0.929424,-0.346107,2.06874,1.33655,1.28492,-2.77
-0.929454,-0.344845,2.06881,1.33675,1.2828,-2.7709
-0.929205,-0.343981,2.0689,1.33731,1.27982,-2.771
-0.92892,-0.343026,2.06907,1.33774,1.27656,-2.77095
-0.92881,-0.342207,2.06922,1.3382,1.27386,-2.77084
-0.928729,-0.341066,2.06954,1.33839,1.27116,-2.77088
-0.928697,-0.340205,2.06971,1.33848,1.2685,-2.77062
-0.928603,-0.339685,2.07004,1.339,1.26588,-2.77028
-0.928627,-0.338937,2.0702,1.3387,1.26314,-2.76967
-0.928973,-0.337937,2.07018,1.33788,1.26104,-2.76904
-0.929411,-0.336855,2.07027,1.33667,1.25951,-2.76963
-0.929667,-0.335882,2.07012,1.33474,1.25725,-2.76929
-0.929951,-0.335038,2.06986,1.33234,1.25526,-2.76894
-0.930202,-0.334066,2.06937,1.32901,1.25313,-2.7682
-0.93043,-0.333579,2.06887,1.32596,1.25112,-2.76702
-0.930836,-0.332247,2.06835,1.32167,1.24933,-2.76627
-0.931155,-0.331298,2.06755,1.31668,1.2476,-2.76494
-0.931315,-0.330738,2.0668,1.31189,1.24551,-2.76287
-0.931868,-0.329726,2.06606,1.30686,1.24417,-2.76087
-0.932379,-0.328646,2.06556,1.30207,1.24289,-2.75899
-0.932742,-0.327634,2.06513,1.29703,1.24159,-2.75731
-0.933397,-0.326407,2.06458,1.29176,1.24093,-2.75591
-0.93373,-0.325629,2.06397,1.28665,1.23952,-2.7536
-0.934281,-0.324762,2.06341,1.28154,1.23923,-2.75232
-0.934821,-0.323983,2.06261,1.27605,1.23884,-2.75078
-0.935255,-0.323541,2.06192,1.27105,1.23885,-2.74957
-0.935547,-0.323209,2.06114,1.26623,1.23803,-2.74736
-0.935942,-0.322535,2.06081,1.26199,1.23794,-2.74663
-0.93626,-0.322365,2.0605,1.25856,1.23765,-2.74481
-0.93655,-0.322149,2.06039,1.25558,1.2377,-2.74344
-0.936896,-0.322243,2.06023,1.25289,1.23842,-2.74238
-0.937557,-0.321669,2.06029,1.25025,1.23984,-2.74188
-0.938004,-0.321814,2.06021,1.248,1.24138,-2.74131
-0.938227,-0.322146,2.06005,1.24583,1.24221,-2.74003
-0.939064,-0.32167,2.05978,1.24311,1.24424,-2.73955
-0.93964,-0.321205,2.05948,1.24035,1.24568,-2.73889
-0.940072,-0.321199,2.05908,1.23772,1.24722,-2.73822
-0.940447,-0.321135,2.05822,1.23387,1.24857,-2.73723
-0.940966,-0.321003,2.05723,1.22959,1.25073,-2.73693
-0.941079,-0.32145,2.0562,1.22573,1.25226,-2.7359
-0.941604,-0.320934,2.05517,1.22127,1.25413,-2.73538
-0.941651,-0.321107,2.05404,1.21696,1.25546,-2.73445
-0.941936,-0.320812,2.05282,1.21216,1.25714,-2.73383
-0.94215,-0.320695,2.05157,1.20755,1.25869,-2.73274
-0.942353,-0.320904,2.05014,1.2028,1.26093,-2.73243
-0.942773,-0.320883,2.0488,1.1985,1.26354,-2.73209
-0.943182,-0.320739,2.04762,1.19454,1.26595,-2.73174
-0.943478,-0.320769,2.04648,1.19091,1.2685,-2.73174
-0.943909,-0.321,2.04522,1.18775,1.27137,-2.73126
-0.944206,-0.321134,2.04418,1.18477,1.27419,-2.73183
-0.944463,-0.321613,2.04297,1.18204,1.2774,-2.7325
-0.944758,-0.322133,2.04177,1.17959,1.28072,-2.7333
-0.945125,-0.322451,2.04083,1.17777,1.28425,-2.73433
-0.945398,-0.322853,2.03983,1.17623,1.28745,-2.73495
-0.94572,-0.323063,2.03901,1.1751,1.29072,-2.73603
-0.945713,-0.323901,2.03814,1.17455,1.29312,-2.73653
-0.945972,-0.324555,2.03727,1.17452,1.29621,-2.73753
-0.946264,-0.32495,2.03655,1.17473,1.29919,-2.73943
-0.946663,-0.325515,2.03559,1.17485,1.30237,-2.74139
-0.946932,-0.326632,2.0345,1.17549,1.30563,-2.74345
-0.947378,-0.327638,2.03345,1.1764,1.30897,-2.74577
-0.947773,-0.328717,2.03265,1.17815,1.31229,-2.74834
-0.948102,-0.329585,2.03165,1.17928,1.3151,-2.75103
-0.948354,-0.331132,2.03093,1.18194,1.31819,-2.75386
-0.948641,-0.332483,2.03019,1.18436,1.32099,-2.75664
-0.948744,-0.334165,2.0295,1.18721,1.32329,-2.75892
-0.949163,-0.335289,2.02906,1.19057,1.32588,-2.76157
-0.949631,-0.336353,2.02841,1.19353,1.32844,-2.76398
-0.950044,-0.337385,2.02766,1.19607,1.33055,-2.76629
-0.950276,-0.338695,2.02677,1.19841,1.3325,-2.76883
-0.950951,-0.339075,2.02577,1.19999,1.33478,-2.77168
-0.951322,-0.340204,2.02445,1.20144,1.33657,-2.77391
-0.951572,-0.341789,2.0231,1.20314,1.33863,-2.77642
-0.951903,-0.343164,2.02184,1.20516,1.34034,-2.77824
-0.952189,-0.344214,2.02094,1.20762,1.34149,-2.7802
-0.952539,-0.345006,2.02006,1.20976,1.34244,-2.78217
-0.952822,-0.345856,2.01924,1.2121,1.34316,-2.78407
-0.953422,-0.346033,2.01878,1.21459,1.34435,-2.78679
-0.953599,-0.34687,2.01832,1.21739,1.34472,-2.78876
-0.953715,-0.347741,2.01794,1.22037,1.34476,-2.79051
-0.954009,-0.348128,2.01775,1.22361,1.34451,-2.79166
-0.954207,-0.348733,2.01787,1.22766,1.34422,-2.7929
-0.954385,-0.349345,2.01778,1.231,1.34393,-2.79452
-0.954679,-0.349429,2.01749,1.23345,1.34337,-2.79581
-0.955114,-0.349555,2.01738,1.23641,1.34314,-2.79731
-0.955265,-0.349799,2.01724,1.23927,1.34194,-2.79827
-0.955052,-0.350263,2.01725,1.24214,1.33999,-2.79896
-0.954961,-0.350661,2.01728,1.24502,1.33827,-2.79959
-0.955024,-0.350468,2.0172,1.24698,1.33641,-2.80019
-0.955088,-0.350542,2.01728,1.24972,1.33434,-2.79986
-0.955037,-0.350053,2.0176,1.25179,1.33185,-2.80074
-0.95509,-0.34971,2.018,1.25446,1.32942,-2.80078
-0.954982,-0.349879,2.01845,1.25751,1.32693,-2.80071
-0.95495,-0.349767,2.0192,1.26094,1.32435,-2.80088
-0.954951,-0.349784,2.01993,1.26426,1.32196,-2.8011
-0.955001,-0.349356,2.02055,1.26672,1.31912,-2.80077
-0.955006,-0.348986,2.02114,1.26884,1.3163,-2.80071
-0.95488,-0.349268,2.02152,1.27103,1.31353,-2.79994
-0.954944,-0.348705,2.02203,1.27226,1.31076,-2.79943
-0.954869,-0.348636,2.02227,1.27318,1.30779,-2.79845
-0.954858,-0.348549,2.02281,1.27457,1.30501,-2.79732
-0.955019,-0.347944,2.02315,1.27477,1.30235,-2.79608
-0.954977,-0.347632,2.02356,1.27527,1.29918,-2.79379
-0.955245,-0.346991,2.02388,1.27503,1.29664,-2.79173
-0.955205,-0.346516,2.02439,1.27487,1.29368,-2.7898
-0.95537,-0.34582,2.02484,1.27415,1.29123,-2.7879
-0.955348,-0.345039,2.02557,1.27342,1.28851,-2.78615
-0.95546,-0.344096,2.0258,1.27122,1.28575,-2.7836
-0.955604,-0.343139,2.02619,1.26925,1.28343,-2.7813
-0.955851,-0.342009,2.02644,1.26654,1.2814,-2.779
-0.956208,-0.340709,2.02653,1.26309,1.27985,-2.77728
-0.956296,-0.339689,2.02641,1.25916,1.27779,-2.77493
-0.956408,-0.338649,2.02626,1.25515,1.27573,-2.77225
-0.956847,-0.337295,2.02597,1.25066,1.27453,-2.76967
-0.957149,-0.336458,2.02572,1.24643,1.2738,-2.76733
-0.957597,-0.335536,2.0256,1.24256,1.27348,-2.76495
-0.958016,-0.334779,2.02549,1.23858,1.27374,-2.76267
-0.95834,-0.33423,2.02565,1.23534,1.27393,-2.76033
-0.958585,-0.333287,2.02614,1.23223,1.27396,-2.75853
-0.958922,-0.332011,2.02644,1.22868,1.2735,-2.75582
-0.959133,-0.331058,2.0268,1.2253,1.27346,-2.75383
-0.959202,-0.329903,2.02703,1.22124,1.27332,-2.75213
-0.959285,-0.329185,2.02681,1.21684,1.27348,-2.74973
-0.959264,-0.328311,2.02695,1.213,1.27356,-2.748
-0.959207,-0.32755,2.02633,1.20771,1.27346,-2.74524
-0.95938,-0.32648,2.02575,1.2023,1.27432,-2.74366
-0.959513,-0.325529,2.02482,1.19583,1.27582,-2.74269
-0.959467,-0.325001,2.02373,1.18956,1.27712,-2.74125
-0.959718,-0.323534,2.02245,1.1823,1.27832,-2.7397
-0.959913,-0.322388,2.02151,1.17614,1.27989,-2.73783
-0.959806,-0.322138,2.02058,1.1705,1.28197,-2.7366
-0.95983,-0.321836,2.01969,1.16542,1.28403,-2.73469
-0.959866,-0.320816,2.01927,1.16085,1.28559,-2.73325
-0.960016,-0.319943,2.01856,1.15606,1.28763,-2.73172
-0.960253,-0.319435,2.01762,1.15125,1.29045,-2.73047
-0.960746,-0.318276,2.01681,1.14639,1.29369,-2.73033
-0.960866,-0.317845,2.01636,1.14332,1.29642,-2.72961
-0.960871,-0.317385,2.01577,1.13992,1.2989,-2.72895
-0.96105,-0.317173,2.01499,1.13669,1.30238,-2.7288
-0.961185,-0.316869,2.01414,1.13333,1.3058,-2.72918
-0.961204,-0.316693,2.01341,1.13062,1.30919,-2.72988
-0.961041,-0.31612,2.01299,1.12832,1.31141,-2.73004
-0.961009,-0.316056,2.01238,1.12683,1.31406,-2.72999
-0.960579,-0.315883,2.01201,1.12566,1.31555,-2.73003
-0.96049,-0.315612,2.01157,1.12462,1.31784,-2.73059
-0.960187,-0.315541,2.01155,1.12475,1.3199,-2.73183
-0.960052,-0.315779,2.01133,1.12522,1.32237,-2.73285
-0.960069,-0.315958,2.01125,1.12614,1.32539,-2.73491
-0.960205,-0.316423,2.01124,1.12776,1.32902,-2.73715
-0.960418,-0.316786,2.01119,1.12941,1.33251,-2.73922
-0.960701,-0.317237,2.01108,1.13126,1.33622,-2.74136
-0.961105,-0.317459,2.01122,1.13345,1.34013,-2.74437
-0.961149,-0.318354,2.01134,1.13684,1.34281,-2.74483
-0.9616,-0.318908,2.01171,1.14065,1.3466,-2.74683
-0.961848,-0.31973,2.01202,1.1445,1.34955,-2.74796
-0.961885,-0.320841,2.01268,1.14936,1.3523,-2.74963
-0.962373,-0.321591,2.01387,1.15588,1.35553,-2.75121
-0.962773,-0.323067,2.01513,1.16309,1.35897,-2.75316
-0.963317,-0.324509,2.01703,1.17214,1.36246,-2.75461
-0.964098,-0.325696,2.01925,1.18193,1.36598,-2.75602
-0.964735,-0.327038,2.02185,1.19256,1.36898,-2.75731
-0.965482,-0.328116,2.02433,1.20295,1.37152,-2.75815
-0.966183,-0.329356,2.0277,1.21565,1.37391,-2.75922
-0.96676,-0.330875,2.03061,1.22737,1.37607,-2.76025
-0.967503,-0.332179,2.03378,1.23977,1.37829,-2.76107
-0.96796,-0.333837,2.03688,1.25207,1.37986,-2.76164
-0.968486,-0.335594,2.04023,1.26527,1.38141,-2.76234
-0.969191,-0.337035,2.04373,1.27882,1.38275,-2.76243
-0.969942,-0.338928,2.04764,1.29375,1.38469,-2.76273
-0.970826,-0.341068,2.05142,1.309,1.38681,-2.76259
-0.971578,-0.342691,2.05566,1.32452,1.3881,-2.76254
-0.972442,-0.344851,2.06023,1.34165,1.38967,-2.76205
-0.973177,-0.346859,2.06477,1.35855,1.39078,-2.76145
-0.97382,-0.349394,2.0695,1.37641,1.39152,-2.76034
-0.974583,-0.351579,2.07446,1.39475,1.39248,-2.75945
-0.975578,-0.353868,2.07958,1.41411,1.39356,-2.7579
-0.976062,-0.356474,2.08425,1.43218,1.39267,-2.75358
-0.976677,-0.359299,2.08888,1.45073,1.39253,-2.75108
-0.977247,-0.361436,2.09419,1.46983,1.39418,-2.75418
-0.977675,-0.363862,2.09887,1.4879,1.39349,-2.75202
-0.978414,-0.366076,2.10344,1.50562,1.39396,-2.75062
-0.979757,-0.368068,2.10744,1.52175,1.39658,-2.75017
-0.979704,-0.369901,2.11143,1.53645,1.39553,-2.74944
-0.979831,-0.371406,2.11487,1.5496,1.39323,-2.74547
-0.979591,-0.372987,2.11862,1.56302,1.39269,-2.74701
-0.97943,-0.373999,2.12195,1.57487,1.39057,-2.7458
-0.978786,-0.375454,2.12524,1.58657,1.38823,-2.74564
-0.978028,-0.376505,2.12858,1.59798,1.38468,-2.74445
-0.977591,-0.377064,2.13218,1.6096,1.38167,-2.74365
-0.978154,-0.377833,2.13623,1.62333,1.38221,-2.74454
-0.977081,-0.379197,2.13984,1.63518,1.37817,-2.74287
-0.976245,-0.380343,2.1436,1.64701,1.37481,-2.74121
-0.975551,-0.381387,2.14729,1.65856,1.37167,-2.73927
-0.97492,-0.381995,2.15105,1.66958,1.36865,-2.73744
-0.975815,-0.382147,2.1548,1.68049,1.37092,-2.73817
-0.975431,-0.382285,2.15824,1.68984,1.36848,-2.73627
-0.975305,-0.382122,2.16145,1.69828,1.36661,-2.73438
-0.974949,-0.382137,2.16477,1.70659,1.36497,-2.73351
-0.974568,-0.381929,2.16774,1.71382,1.36267,-2.7313
-0.974063,-0.381501,2.17087,1.72047,1.36049,-2.72999
-0.973458,-0.380944,2.17381,1.72642,1.35798,-2.72831
-0.97276,-0.38002,2.17664,1.73105,1.35522,-2.7268
-0.972188,-0.378961,2.17927,1.73475,1.35308,-2.72572
-0.970417,-0.377893,2.18172,1.73723,1.34662,-2.72292
-0.970231,-0.37552,2.18407,1.73823,1.34505,-2.72217
-0.969866,-0.373168,2.18641,1.7388,1.34316,-2.72142
-0.969866,-0.373168,2.18641,1.7388,1.34316,-2.72142
-0.968178,-0.366074,2.19037,1.73423,1.33386,-2.71714
-0.967805,-0.364059,2.19235,1.73344,1.33277,-2.7167
-0.967958,-0.36178,2.19401,1.73159,1.33341,-2.7159
-0.968063,-0.358759,2.19594,1.72942,1.33322,-2.71577
-0.968112,-0.355647,2.19771,1.72685,1.3325,-2.71457
-0.968025,-0.352533,2.19951,1.724,1.33184,-2.71396
-0.968007,-0.348951,2.2012,1.7207,1.33052,-2.71203
-0.96694,-0.346616,2.20292,1.71823,1.32695,-2.70982
-0.966341,-0.34424,2.20438,1.7151,1.32528,-2.70809
-0.965279,-0.340026,2.20559,1.70869,1.32043,-2.70568
-0.964754,-0.33757,2.20683,1.70498,1.3191,-2.70413
-0.964555,-0.334197,2.20816,1.70074,1.31797,-2.70321
-0.964099,-0.33151,2.20955,1.6974,1.31648,-2.70209
-0.963783,-0.328856,2.21062,1.69345,1.31553,-2.70128
-0.963574,-0.326097,2.21158,1.68927,1.31475,-2.70074
-0.964237,-0.322965,2.2123,1.68444,1.31693,-2.70136
-0.963147,-0.321252,2.2131,1.68094,1.31371,-2.69938
-0.96294,-0.319682,2.21373,1.67762,1.31391,-2.69915
-0.962764,-0.317748,2.21413,1.67366,1.31367,-2.69852
-0.962968,-0.315502,2.21445,1.66959,1.31417,-2.69828
-0.962133,-0.312245,2.21443,1.66295,1.31026,-2.69648
-0.962325,-0.310409,2.21398,1.65759,1.31034,-2.69491
-0.962841,-0.308229,2.21358,1.65207,1.31202,-2.69573
-0.963215,-0.306641,2.21274,1.64621,1.31352,-2.69579
-0.963627,-0.305157,2.21185,1.64022,1.31546,-2.69662
-0.964391,-0.30341,2.21075,1.63389,1.31771,-2.69695
-0.965034,-0.30199,2.20954,1.62766,1.31992,-2.69733
-0.965586,-0.300725,2.2081,1.62115,1.32172,-2.69708
-0.966302,-0.299574,2.20669,1.61497,1.32413,-2.69772
-0.967021,-0.298259,2.2051,1.60829,1.32631,-2.69849
-0.967763,-0.297221,2.2034,1.6016,1.32895,-2.69926
-0.96908,-0.294499,2.20136,1.59308,1.33149,-2.70116
-0.968437,-0.294382,2.19955,1.58673,1.33012,-2.70077
-0.968717,-0.293528,2.19738,1.57938,1.33147,-2.70176
-0.969165,-0.292982,2.19496,1.57211,1.33309,-2.70255
-0.969474,-0.291973,2.19209,1.56316,1.33445,-2.70375
-0.970128,-0.291422,2.18915,1.55502,1.33698,-2.70561
-0.97063,-0.290802,2.18585,1.54585,1.33907,-2.70715
-0.971417,-0.289901,2.18257,1.53677,1.34185,-2.7094
-0.972325,-0.289193,2.17916,1.52783,1.34489,-2.71146
-0.973325,-0.288746,2.17581,1.51957,1.34829,-2.7136
-0.973852,-0.28897,2.17264,1.5122,1.35085,-2.71567
-0.974646,-0.289159,2.16923,1.50478,1.35363,-2.71729
-0.975557,-0.289499,2.16597,1.49814,1.35646,-2.71915
-0.976202,-0.290183,2.16277,1.49184,1.3589,-2.72101
-0.977181,-0.290129,2.15948,1.48487,1.36161,-2.72339
-0.978045,-0.290794,2.15599,1.47829,1.36394,-2.72468
-0.979012,-0.29104,2.1521,1.47031,1.36659,-2.72658
-0.979666,-0.291566,2.14805,1.46194,1.36892,-2.72878
-0.979641,-0.292797,2.14343,1.4524,1.36968,-2.72987
-0.9804,-0.292718,2.13889,1.4422,1.37179,-2.73207
-0.981166,-0.292615,2.13406,1.43125,1.37399,-2.73443
-0.981689,-0.293067,2.12906,1.42048,1.37581,-2.73703
-0.982592,-0.293367,2.12392,1.40956,1.37847,-2.73966
-0.983167,-0.293821,2.11906,1.39923,1.38019,-2.74194
-0.983632,-0.294553,2.1147,1.39031,1.38199,-2.74457
-0.984256,-0.29515,2.11046,1.38182,1.38368,-2.74677
-0.98492,-0.295875,2.1064,1.3738,1.38569,-2.74947
-0.985526,-0.296575,2.10231,1.36587,1.38712,-2.75131
-0.986416,-0.297037,2.09827,1.35797,1.38896,-2.75314
-0.987081,-0.297706,2.09441,1.35055,1.39036,-2.75489
-0.987573,-0.298545,2.09027,1.34248,1.39155,-2.75656
-0.988074,-0.299177,2.086,1.33376,1.39272,-2.75843
-0.988318,-0.299995,2.08156,1.3246,1.39356,-2.76029
-0.988622,-0.300592,2.07684,1.31451,1.39441,-2.76242
-0.988911,-0.300884,2.07209,1.30395,1.39504,-2.76433
-0.989321,-0.300877,2.06725,1.29303,1.39587,-2.76666
-0.989451,-0.30119,2.06233,1.28177,1.39637,-2.76884
-0.989569,-0.301305,2.0574,1.27051,1.39629,-2.7703
-0.989626,-0.30161,2.05273,1.25996,1.39642,-2.77222
-0.989787,-0.301938,2.04795,1.24924,1.39663,-2.77396
-0.989855,-0.301972,2.04341,1.23889,1.39631,-2.77523
-0.990177,-0.302168,2.03948,1.23028,1.39669,-2.77707
-0.990222,-0.30286,2.03559,1.22213,1.39651,-2.77835
-0.990417,-0.30341,2.03214,1.21498,1.397,-2.78013
-0.990553,-0.304135,2.0289,1.20833,1.39709,-2.78114
-0.990946,-0.304551,2.02591,1.20222,1.39754,-2.78194
-0.991112,-0.304244,2.02356,1.19624,1.39861,-2.78529
-0.991512,-0.304717,2.02008,1.18907,1.3977,-2.7832
-0.991792,-0.304411,2.01698,1.18149,1.3976,-2.78391
-0.991837,-0.304243,2.01379,1.1735,1.39709,-2.78467
-0.991958,-0.303893,2.01039,1.16502,1.39638,-2.78493
-0.9918,-0.30372,2.00705,1.15649,1.39552,-2.78587
-0.991629,-0.303303,2.00395,1.14828,1.39425,-2.78647
-0.991433,-0.302952,2.00106,1.14061,1.39314,-2.78721
-0.991365,-0.302501,1.99815,1.13312,1.3922,-2.78746
-0.991356,-0.301547,1.99627,1.12703,1.39287,-2.79114
-0.991301,-0.301823,1.99325,1.1203,1.39086,-2.78839
-0.991259,-0.301507,1.99153,1.11572,1.39018,-2.78854
-0.991031,-0.300849,1.99046,1.1118,1.39047,-2.79179
-0.991089,-0.301268,1.98848,1.10797,1.38908,-2.78933
-0.991194,-0.30107,1.98743,1.10542,1.38902,-2.79013
-0.991244,-0.301173,1.98656,1.10372,1.389,-2.79078
-0.991386,-0.30103,1.98581,1.10225,1.38918,-2.7915
-0.991653,-0.300974,1.98486,1.10064,1.38961,-2.79215
-0.991808,-0.300207,1.98446,1.09914,1.39121,-2.79623
-0.992073,-0.301162,1.9827,1.09712,1.39112,-2.79458
-0.992248,-0.301463,1.98121,1.09484,1.39184,-2.79557
-0.992407,-0.301742,1.97982,1.09265,1.39299,-2.79731
-0.992597,-0.301811,1.97809,1.08969,1.39376,-2.79833
-0.992877,-0.302032,1.97649,1.08707,1.395,-2.80017
-0.993093,-0.302371,1.97475,1.08444,1.39618,-2.80146
-0.9934,-0.30262,1.97317,1.08197,1.39717,-2.80271
-0.993607,-0.303062,1.97184,1.08016,1.39818,-2.80374
-0.993946,-0.303352,1.9708,1.07889,1.39928,-2.80454
-0.994452,-0.303319,1.9701,1.07811,1.4002,-2.80511
-0.99475,-0.303593,1.9696,1.07774,1.40106,-2.80561
-0.995198,-0.303519,1.96911,1.07705,1.4016,-2.80568
-0.995529,-0.303519,1.96887,1.07679,1.40181,-2.80556
-0.995731,-0.303285,1.96872,1.07629,1.40157,-2.8052
-0.995602,-0.303358,1.96844,1.07538,1.40067,-2.80476
-0.99573,-0.302908,1.96808,1.07391,1.40012,-2.80463
-0.995517,-0.302496,1.96756,1.07184,1.39869,-2.80382
-0.99527,-0.302506,1.9668,1.06964,1.39739,-2.80293
-0.994992,-0.302237,1.96589,1.06672,1.39583,-2.8019
-0.994774,-0.301845,1.96485,1.0634,1.39456,-2.80141
-0.994356,-0.30174,1.96353,1.05947,1.39298,-2.80088
-0.994214,-0.301335,1.96236,1.05605,1.3919,-2.80054
-0.994051,-0.301435,1.96083,1.05242,1.39112,-2.80015
-0.993867,-0.301449,1.95958,1.04955,1.39028,-2.80001
-0.993622,-0.301493,1.95837,1.0469,1.38945,-2.80015
-0.993601,-0.30168,1.95714,1.04475,1.38924,-2.80082
-0.99367,-0.301995,1.95562,1.04258,1.38929,-2.80139
-0.993361,-0.302915,1.95506,1.04271,1.39059,-2.80548
-0.993343,-0.303651,1.95374,1.04163,1.39086,-2.80637
-0.993627,-0.303894,1.95212,1.03974,1.3917,-2.80777
-0.993989,-0.304444,1.95045,1.03815,1.39304,-2.80932
-0.99426,-0.30534,1.94887,1.03732,1.39425,-2.81029
-0.994592,-0.306052,1.94715,1.03599,1.39563,-2.81175
-0.995023,-0.306867,1.94537,1.03474,1.39723,-2.81326
-0.995419,-0.30743,1.94368,1.03344,1.39869,-2.81494
-0.995687,-0.309335,1.9415,1.03256,1.39971,-2.81458
-0.996179,-0.309942,1.94005,1.03186,1.40146,-2.81657
-0.996726,-0.310418,1.93856,1.03085,1.4032,-2.81851
-0.997016,-0.311281,1.93736,1.03058,1.40452,-2.82011
-0.996976,-0.311856,1.93724,1.03172,1.40645,-2.82464
-0.997324,-0.31213,1.93659,1.03173,1.40733,-2.82572
-0.997644,-0.312299,1.93628,1.03223,1.40781,-2.82618
-0.997889,-0.31218,1.93616,1.03248,1.40796,-2.82645
-0.998081,-0.312016,1.9365,1.03346,1.40793,-2.82631
-0.998275,-0.311833,1.93665,1.03388,1.40773,-2.82574
-0.998307,-0.311149,1.93717,1.03421,1.40681,-2.8249
-0.998261,-0.310637,1.93737,1.03378,1.40573,-2.82392
-0.998532,-0.309579,1.93686,1.03141,1.40335,-2.82015
-0.998155,-0.309021,1.93641,1.02905,1.40122,-2.81862
-0.997914,-0.308412,1.93594,1.02663,1.39949,-2.81756
-0.997543,-0.30768,1.93501,1.02306,1.39737,-2.81632
-0.997197,-0.307044,1.93413,1.01956,1.39564,-2.8163
-0.99691,-0.306575,1.9329,1.01583,1.39397,-2.81582
-0.996644,-0.306384,1.9315,1.01219,1.39263,-2.81563
-0.996502,-0.306,1.93038,1.00912,1.3915,-2.81579
-0.996449,-0.305951,1.92917,1.0065,1.39103,-2.81623
-0.996386,-0.306053,1.92819,1.00485,1.39049,-2.81631
-0.996502,-0.306221,1.92758,1.00432,1.3908,-2.81704
-0.996754,-0.306416,1.92686,1.00382,1.39146,-2.81809
-0.997212,-0.306659,1.9261,1.00372,1.39258,-2.81898
-0.997293,-0.307233,1.92621,1.00529,1.39507,-2.82364
-0.997876,-0.307998,1.92473,1.00459,1.39522,-2.82141
-0.998296,-0.308342,1.92422,1.00506,1.39811,-2.82605
-0.998795,-0.308846,1.92296,1.00425,1.39982,-2.82788
-0.999259,-0.309472,1.92138,1.00287,1.40133,-2.82961
-0.999826,-0.310085,1.91975,1.00139,1.4032,-2.83166
-1.00025,-0.310489,1.91806,0.999457,1.40442,-2.83323
-1.00058,-0.311063,1.91648,0.997687,1.40567,-2.83484
-1.00086,-0.311665,1.91511,0.996373,1.40649,-2.83582
-1.00122,-0.312093,1.91406,0.995424,1.40764,-2.83725
-1.00162,-0.312379,1.91317,0.994762,1.40842,-2.83806
-1.00175,-0.314023,1.91199,0.994624,1.40836,-2.83655
-1.002,-0.314374,1.91164,0.994785,1.4089,-2.83678
-1.00251,-0.31443,1.91127,0.994557,1.4097,-2.83704
-1.00276,-0.314436,1.91174,0.995331,1.4116,-2.84083
-1.00316,-0.313623,1.91184,0.994936,1.41112,-2.83919
-1.0039,-0.312318,1.91187,0.993876,1.41132,-2.83844
-1.00389,-0.312072,1.91207,0.993654,1.41041,-2.83721
-1.00392,-0.311325,1.91229,0.992788,1.4092,-2.83631
-1.00362,-0.31085,1.91229,0.991567,1.40723,-2.83447
-1.00299,-0.311628,1.91155,0.989766,1.40392,-2.83037
-1.00285,-0.309687,1.91154,0.986694,1.40306,-2.83238
-1.00237,-0.309316,1.91077,0.983563,1.401,-2.83157
-1.00192,-0.30885,1.90976,0.979938,1.399,-2.83108
-1.00155,-0.308477,1.9085,0.975977,1.39736,-2.83068
-1.00141,-0.308063,1.90693,0.971707,1.39635,-2.83073
-1.00104,-0.309038,1.90476,0.9678,1.39398,-2.82707
-1.00099,-0.309037,1.90336,0.964686,1.39375,-2.82753
-1.00099,-0.30823,1.90246,0.961825,1.39501,-2.83166
-1.00118,-0.308566,1.90111,0.959726,1.39577,-2.83256
-1.00159,-0.308806,1.89941,0.957195,1.39706,-2.83387
-1.002,-0.309391,1.89801,0.95579,1.39879,-2.83545
-1.00258,-0.309657,1.89668,0.954438,1.40081,-2.83745
-1.00286,-0.311884,1.89515,0.954981,1.40197,-2.8361
-1.0039,-0.311038,1.89423,0.953813,1.40565,-2.84086
-1.0039,-0.313488,1.89354,0.95611,1.40768,-2.84235
-1.00447,-0.314413,1.89283,0.957107,1.41005,-2.84377
-1.00517,-0.314994,1.89205,0.957552,1.41238,-2.84519
-1.00576,-0.31543,1.89138,0.957878,1.41426,-2.84664
-1.00619,-0.315851,1.89085,0.958295,1.41563,-2.84738
-1.00666,-0.316348,1.89034,0.958587,1.41705,-2.84821
-1.00721,-0.316326,1.88991,0.958464,1.4183,-2.84899
-1.00756,-0.316658,1.88966,0.958565,1.41914,-2.84937
-1.00782,-0.316566,1.88959,0.95844,1.41929,-2.84908
-1.00811,-0.316392,1.88982,0.958647,1.41963,-2.84875
-1.00825,-0.315923,1.89048,0.959089,1.41913,-2.84769
-1.0081,-0.315595,1.89116,0.959505,1.41776,-2.84512
-1.00802,-0.314828,1.89184,0.959284,1.41655,-2.84338
-1.0076,-0.314347,1.89267,0.959237,1.41466,-2.841
-1.00768,-0.313374,1.89233,0.956791,1.41194,-2.83566
-1.00738,-0.31244,1.89256,0.955017,1.41005,-2.83395
-1.00706,-0.311644,1.89232,0.952431,1.40831,-2.83257
-1.00693,-0.309641,1.89254,0.949714,1.40798,-2.83457
-1.00639,-0.310582,1.8914,0.947237,1.40548,-2.83058
-1.0064,-0.308804,1.89113,0.943926,1.40607,-2.83395
-1.00627,-0.308497,1.89004,0.940772,1.4056,-2.83382
-1.00611,-0.308266,1.88892,0.937675,1.40529,-2.83424
-1.00597,-0.308311,1.88797,0.935487,1.4055,-2.8352
-1.00606,-0.308407,1.88693,0.933573,1.40617,-2.83582
-1.00624,-0.308669,1.88599,0.932284,1.40733,-2.83678
-1.0066,-0.308837,1.88517,0.931541,1.40897,-2.838
-1.00703,-0.309132,1.88439,0.93121,1.41099,-2.83935
-1.00752,-0.309425,1.88375,0.931366,1.41304,-2.84059
-1.00813,-0.309791,1.88304,0.931488,1.41566,-2.84235
-1.00862,-0.310347,1.88236,0.931959,1.41784,-2.84343
-1.00915,-0.310767,1.88161,0.932063,1.42006,-2.84446
-1.00927,-0.312496,1.88092,0.933246,1.42245,-2.84575
-1.00982,-0.312962,1.88012,0.933011,1.42478,-2.84704
-1.00991,-0.314222,1.87958,0.933778,1.42651,-2.84779
-1.01023,-0.314448,1.87897,0.933289,1.42809,-2.84853
-1.0107,-0.314351,1.87852,0.93282,1.42956,-2.84901
-1.0108,-0.314345,1.87815,0.932151,1.43009,-2.84877
-1.01151,-0.312919,1.87808,0.93092,1.43112,-2.84884
-1.0115,-0.312526,1.87818,0.930602,1.43083,-2.84785
-1.01162,-0.311832,1.87856,0.930419,1.43082,-2.84749
-1.012,-0.310354,1.87871,0.929108,1.43055,-2.84645
-1.01208,-0.309607,1.87883,0.928197,1.43015,-2.84542
-1.0118,-0.3089,1.87932,0.927726,1.4288,-2.84398
-1.01187,-0.307656,1.87965,0.926518,1.42789,-2.84301
-1.0116,-0.306865,1.87998,0.925636,1.42631,-2.84084
-1.01134,-0.305855,1.88049,0.924675,1.42485,-2.83962
-1.01098,-0.305076,1.88094,0.923937,1.42309,-2.83775
-1.01064,-0.304259,1.88107,0.922552,1.42153,-2.83642
-1.01036,-0.303266,1.88108,0.920779,1.42002,-2.83558
-1.01005,-0.302681,1.88084,0.919124,1.41868,-2.83442
-1.00993,-0.302057,1.88021,0.916633,1.41799,-2.83424
-1.00966,-0.301771,1.87946,0.914414,1.4171,-2.8337
-1.00954,-0.30166,1.87866,0.912473,1.41692,-2.83393
-1.00962,-0.301358,1.87744,0.909756,1.41695,-2.83448
-1.00972,-0.301201,1.87614,0.90725,1.41725,-2.8352
-1.00973,-0.301444,1.87506,0.905621,1.41782,-2.83618
-1.01005,-0.301656,1.87382,0.904064,1.41906,-2.83736
-1.01033,-0.301881,1.87251,0.902341,1.42034,-2.83879
-1.01058,-0.302073,1.87141,0.90104,1.42175,-2.84024
-1.01108,-0.302456,1.87021,0.899907,1.42392,-2.84203
-1.01137,-0.302817,1.86874,0.898167,1.42535,-2.84327
-1.01173,-0.303192,1.86744,0.896785,1.42749,-2.84524
-1.0123,-0.30348,1.86586,0.894842,1.42972,-2.8469
-1.01281,-0.303826,1.86436,0.893071,1.43187,-2.84854
-1.01339,-0.303924,1.86291,0.891141,1.43384,-2.85016
-1.01393,-0.304058,1.86158,0.889439,1.43573,-2.85138
-1.0145,-0.303919,1.86072,0.888189,1.43783,-2.85342
-1.0149,-0.303836,1.8598,0.886835,1.43865,-2.85346
-1.01525,-0.303576,1.85936,0.886062,1.43906,-2.85331
-1.01537,-0.302822,1.85955,0.885794,1.43883,-2.8531
-1.01539,-0.302247,1.86008,0.886129,1.43825,-2.85257
-1.01544,-0.301468,1.86042,0.886051,1.43671,-2.85016
-1.01526,-0.300722,1.86095,0.8859,1.43511,-2.84843
-1.01514,-0.299826,1.86108,0.884613,1.43355,-2.84679
-1.01478,-0.299053,1.86118,0.882981,1.43167,-2.84549
-1.01457,-0.298177,1.86078,0.880365,1.42998,-2.84389
-1.01443,-0.297255,1.85988,0.876558,1.42847,-2.84273
-1.01419,-0.296908,1.8588,0.872897,1.42694,-2.84102
-1.01404,-0.296161,1.85754,0.868597,1.42568,-2.84033
-1.01385,-0.295534,1.85631,0.864507,1.42463,-2.83997
-1.01378,-0.294965,1.85507,0.860829,1.42372,-2.83947
-1.01349,-0.294532,1.85401,0.857534,1.42262,-2.83947
-1.01339,-0.29426,1.85307,0.855092,1.42212,-2.83951
-1.01362,-0.292808,1.85203,0.851577,1.42152,-2.8398
-1.0132,-0.293513,1.8513,0.850623,1.42129,-2.84038
-1.01364,-0.292362,1.85018,0.847742,1.42167,-2.84094
-1.01346,-0.293361,1.84932,0.847251,1.42229,-2.84168
-1.01406,-0.292748,1.84789,0.844589,1.42295,-2.84109
-1.01412,-0.293629,1.84673,0.843753,1.42493,-2.84366
-1.01448,-0.293576,1.84548,0.841706,1.42705,-2.84649
-1.01483,-0.293901,1.84379,0.839547,1.42853,-2.8476
-1.01503,-0.294241,1.84216,0.837171,1.43028,-2.85025
-1.01564,-0.294549,1.84027,0.834662,1.43218,-2.8515
-1.01584,-0.29484,1.83865,0.83225,1.43378,-2.85371
-1.01616,-0.295033,1.83716,0.830104,1.43506,-2.85494
-1.01655,-0.295175,1.8359,0.828302,1.43644,-2.85595
-1.01681,-0.295229,1.83505,0.827139,1.43745,-2.85651
-1.01697,-0.295219,1.83441,0.826189,1.43808,-2.8566
-1.01714,-0.29499,1.83415,0.82572,1.43827,-2.85616
-1.01739,-0.294529,1.8339,0.824968,1.43842,-2.85558
-1.01753,-0.293927,1.83401,0.824494,1.43806,-2.85455
-1.01752,-0.293328,1.83431,0.824216,1.4372,-2.85295
-1.01777,-0.291841,1.83426,0.822316,1.4363,-2.85131
-1.01764,-0.291113,1.83428,0.820833,1.4351,-2.84943
-1.01801,-0.289152,1.83378,0.817539,1.434,-2.84743
-1.01765,-0.288377,1.83338,0.814796,1.43225,-2.8458
-1.0172,-0.287843,1.83246,0.811104,1.43033,-2.84413
-1.01683,-0.286997,1.8309,0.805879,1.42841,-2.84335
-1.01631,-0.286924,1.82902,0.800709,1.42629,-2.84181
-1.01581,-0.286247,1.82699,0.794719,1.42413,-2.84145
-1.01534,-0.286075,1.82456,0.788625,1.42224,-2.84098
-1.01492,-0.285787,1.82223,0.782785,1.4206,-2.84093
-1.01465,-0.285471,1.82025,0.777938,1.41929,-2.84111
-1.01432,-0.285636,1.81821,0.773603,1.41824,-2.84088
-1.01422,-0.285401,1.81659,0.770181,1.4176,-2.84122
-1.01443,-0.285033,1.81543,0.767961,1.41789,-2.84213
-1.01459,-0.285029,1.81457,0.766759,1.41843,-2.84313
-1.01508,-0.284729,1.81354,0.765444,1.41954,-2.8442
-1.01539,-0.284684,1.81267,0.76468,1.4205,-2.84541
-1.0158,-0.284735,1.81171,0.763904,1.42222,-2.84739
-1.01631,-0.284718,1.81016,0.762102,1.42352,-2.84891
-1.0168,-0.285202,1.80828,0.760037,1.4254,-2.85081
-1.01704,-0.286053,1.80652,0.758438,1.42693,-2.85271
-1.01728,-0.286791,1.80429,0.755794,1.42818,-2.85404
-1.01759,-0.287362,1.80222,0.753269,1.4296,-2.85578
-1.01798,-0.287917,1.80021,0.750895,1.43093,-2.85696
-1.01821,-0.288278,1.79872,0.749176,1.43186,-2.8581
-1.01857,-0.288344,1.79731,0.747328,1.43264,-2.85901
-1.01891,-0.288419,1.79642,0.746465,1.43342,-2.85964
-1.01926,-0.287981,1.79601,0.745816,1.43372,-2.86016
-1.0196,-0.287853,1.79563,0.745652,1.43383,-2.85943
-1.01995,-0.287249,1.79552,0.745202,1.43363,-2.85919
-1.02019,-0.286826,1.7953,0.744508,1.4332,-2.85851
-1.02047,-0.286045,1.79518,0.743411,1.43262,-2.85799
-1.02066,-0.285224,1.79463,0.741167,1.43172,-2.85724
-1.02073,-0.284738,1.79401,0.739036,1.4307,-2.8557
-1.02084,-0.284049,1.79302,0.735834,1.42967,-2.85478
-1.02093,-0.282884,1.79171,0.731545,1.42801,-2.85353
-1.02071,-0.282476,1.79071,0.728453,1.42637,-2.85245
-1.02036,-0.28208,1.7894,0.724792,1.42439,-2.85166
-1.02017,-0.281569,1.78812,0.721487,1.42273,-2.8511
-1.01982,-0.281291,1.7868,0.718254,1.42103,-2.85108
-1.0196,-0.281047,1.78547,0.715489,1.41965,-2.851
-1.0194,-0.281005,1.78415,0.713072,1.41859,-2.85107
-1.01944,-0.280908,1.783,0.711323,1.41837,-2.85164
-1.01962,-0.280647,1.78186,0.709709,1.41841,-2.85255
-1.01985,-0.280568,1.78074,0.708367,1.41895,-2.85385
-1.02014,-0.281204,1.77966,0.708009,1.42022,-2.85517
-1.02049,-0.281478,1.77863,0.7075,1.42152,-2.85681
-1.02096,-0.281787,1.77734,0.706621,1.42302,-2.85847
-1.02134,-0.28242,1.77593,0.705722,1.42448,-2.86005
-1.02169,-0.282936,1.77492,0.705511,1.42624,-2.86227
-1.02219,-0.283359,1.77341,0.70438,1.42781,-2.86404
-1.02261,-0.284135,1.77207,0.703802,1.42944,-2.86604
-1.02297,-0.284701,1.77053,0.702638,1.43039,-2.86692
-1.02334,-0.285017,1.76939,0.701741,1.43138,-2.86842
-1.02382,-0.285071,1.76842,0.701033,1.43222,-2.8691
-1.02427,-0.285065,1.76771,0.700479,1.433,-2.86977
-1.02474,-0.284788,1.76741,0.700343,1.43356,-2.87022
-1.02512,-0.28451,1.76755,0.701053,1.43365,-2.86922
-1.02554,-0.284135,1.76763,0.701379,1.43367,-2.868
-1.02581,-0.283292,1.76825,0.701938,1.43296,-2.86645
-1.026,-0.282744,1.76846,0.701673,1.43201,-2.86445
-1.02618,-0.282017,1.76862,0.700952,1.43093,-2.86277
-1.02601,-0.281567,1.76811,0.698794,1.42883,-2.86068
-1.02612,-0.280834,1.76713,0.695476,1.42728,-2.85939
-1.02601,-0.280509,1.76591,0.691834,1.42563,-2.85858
-1.02579,-0.280402,1.76397,0.686991,1.42354,-2.85765
-1.02561,-0.280293,1.76191,0.682023,1.42165,-2.85694
-1.0253,-0.280412,1.75987,0.677394,1.41991,-2.85679
-1.02504,-0.280678,1.75764,0.672813,1.41846,-2.85673
-1.0249,-0.280835,1.75581,0.669209,1.41752,-2.85708
-1.02503,-0.281048,1.75381,0.665846,1.41721,-2.85757
-1.02522,-0.281022,1.75244,0.663665,1.41728,-2.85857
-1.0254,-0.281284,1.7515,0.662948,1.41789,-2.85959
-1.02584,-0.281511,1.75059,0.662561,1.41905,-2.8609
-1.02638,-0.281551,1.75001,0.662815,1.4205,-2.86223
-1.02705,-0.281807,1.74941,0.66342,1.42261,-2.86397
-1.0277,-0.281949,1.74863,0.663569,1.42437,-2.86536
-1.02848,-0.282071,1.74774,0.663446,1.42665,-2.8675
-1.02911,-0.282469,1.74637,0.66254,1.42848,-2.86905
-1.02969,-0.282778,1.74489,0.661112,1.43001,-2.87061
-1.03016,-0.283279,1.74331,0.659524,1.43136,-2.87186
-1.03058,-0.283853,1.74165,0.657599,1.43261,-2.87326
-1.03087,-0.284443,1.74027,0.656065,1.43342,-2.87407
-1.03131,-0.284834,1.73887,0.654293,1.4343,-2.87493
-1.0317,-0.285071,1.73795,0.653181,1.43488,-2.87525
-1.03221,-0.285146,1.73704,0.651887,1.43555,-2.87546
-1.03252,-0.285023,1.73679,0.651425,1.43546,-2.8751
-1.03285,-0.284872,1.73629,0.650372,1.43523,-2.87438
-1.03319,-0.284477,1.73621,0.649799,1.43496,-2.87401
-1.03354,-0.283933,1.73583,0.6484,1.43437,-2.87361
-1.03345,-0.283914,1.73549,0.647224,1.43297,-2.87223
-1.0335,-0.283658,1.73471,0.645076,1.43182,-2.87159
-1.03334,-0.283728,1.73356,0.642375,1.43042,-2.87076
-1.03307,-0.283802,1.73202,0.638777,1.42886,-2.87069
-1.03281,-0.284171,1.73029,0.635291,1.42777,-2.87066
-1.03267,-0.284217,1.72828,0.631265,1.42658,-2.8709
-1.03251,-0.284734,1.72625,0.627805,1.42594,-2.87109
-1.03249,-0.284996,1.72437,0.62456,1.42604,-2.87251
-1.03255,-0.28556,1.72255,0.622134,1.42637,-2.87299
-1.03272,-0.285778,1.72125,0.620517,1.42717,-2.87441
-1.03306,-0.286075,1.71987,0.619305,1.42831,-2.87529
-1.03351,-0.286123,1.71913,0.619196,1.42991,-2.87683
-1.03395,-0.286254,1.71851,0.619346,1.43177,-2.87866
-1.03447,-0.286214,1.71783,0.619396,1.43337,-2.88011
-1.03486,-0.286634,1.71743,0.620292,1.43514,-2.88179
-1.03536,-0.286868,1.7169,0.620953,1.43679,-2.88265
-1.03579,-0.287025,1.71663,0.621723,1.43832,-2.88371
-1.03641,-0.286901,1.71632,0.622129,1.43998,-2.88466
-1.03688,-0.287062,1.71568,0.621964,1.44107,-2.88498
-1.03718,-0.28722,1.71498,0.621249,1.44181,-2.88539
-1.03751,-0.287304,1.71436,0.620536,1.44237,-2.88553
-1.03777,-0.287179,1.71351,0.618946,1.44235,-2.88544
-1.0379,-0.28729,1.71253,0.617123,1.44203,-2.88524
-1.03775,-0.287436,1.71166,0.615256,1.44084,-2.88454
-1.03779,-0.287333,1.71067,0.612991,1.44001,-2.88439
-1.03762,-0.287463,1.70948,0.61038,1.43852,-2.88339
-1.03743,-0.287459,1.70827,0.607653,1.43711,-2.88275
-1.03712,-0.287622,1.70704,0.604901,1.43571,-2.88233
-1.03699,-0.287637,1.7055,0.601692,1.4345,-2.88207
-1.03679,-0.287869,1.70404,0.598877,1.43366,-2.88239
-1.03671,-0.288226,1.7027,0.596683,1.4334,-2.88293
-1.03663,-0.288478,1.70143,0.594686,1.43313,-2.88379
-1.03659,-0.288663,1.70023,0.593052,1.43337,-2.88528
-1.03683,-0.288977,1.69911,0.592276,1.43413,-2.88627
-1.03705,-0.28905,1.69843,0.59215,1.43491,-2.88767
-1.03738,-0.289233,1.69766,0.592135,1.43597,-2.88897
-1.03787,-0.28915,1.69734,0.592994,1.43741,-2.88986
-1.03829,-0.28914,1.69733,0.594357,1.43887,-2.89076
-1.03857,-0.288949,1.69767,0.595963,1.43972,-2.8913
-1.03913,-0.288631,1.69779,0.597196,1.44066,-2.89103
-1.03958,-0.288166,1.69826,0.598589,1.44141,-2.89083
-1.03979,-0.287879,1.69869,0.599656,1.44128,-2.88986
-1.03992,-0.287582,1.69864,0.599555,1.44052,-2.88885
-1.03992,-0.287378,1.69839,0.598844,1.43946,-2.88794
-1.03966,-0.287543,1.6978,0.597445,1.43792,-2.88683
-1.03966,-0.287379,1.69648,0.594453,1.43664,-2.88661
-1.03936,-0.287741,1.69478,0.590817,1.43511,-2.88637
-1.0391,-0.288193,1.69287,0.586866,1.4339,-2.88673
-1.03867,-0.288909,1.69097,0.583213,1.43239,-2.88613
-1.03852,-0.2892,1.68919,0.579539,1.43172,-2.88717
-1.03842,-0.289658,1.68753,0.576706,1.43121,-2.88719
-1.03854,-0.289846,1.68642,0.574947,1.43139,-2.88793
-1.03869,-0.289991,1.68556,0.573893,1.43179,-2.88868
-1.03904,-0.289988,1.68496,0.573549,1.43261,-2.8893
-1.03945,-0.289883,1.68501,0.574571,1.43377,-2.88988
-1.03976,-0.289782,1.68497,0.575342,1.43473,-2.89079
-1.04008,-0.289625,1.68514,0.576559,1.43567,-2.89152
-1.0403,-0.289793,1.68501,0.57735,1.43639,-2.89217
-1.04072,-0.289496,1.68445,0.577007,1.43715,-2.8931
-1.04073,-0.289863,1.68409,0.577243,1.43759,-2.89371
-1.04084,-0.289903,1.68342,0.576664,1.43778,-2.89415
-1.04073,-0.290145,1.68248,0.575394,1.4375,-2.89458
-1.04073,-0.290252,1.68122,0.573426,1.43738,-2.89542
-1.04058,-0.290631,1.67967,0.571084,1.43679,-2.89552
-1.04044,-0.290864,1.67841,0.568957,1.43642,-2.89615
-1.04019,-0.291148,1.67695,0.566402,1.43563,-2.89635
-1.04015,-0.291345,1.67552,0.564007,1.43534,-2.89657
-1.0402,-0.291279,1.67466,0.562577,1.43522,-2.89673
-1.04023,-0.291296,1.67383,0.561271,1.43498,-2.89656
-1.04033,-0.29115,1.67336,0.560569,1.43493,-2.8966
-1.04036,-0.291041,1.67334,0.560711,1.43488,-2.89643
-1.04046,-0.290732,1.67304,0.56019,1.43456,-2.89618
-1.0404,-0.290625,1.67287,0.559928,1.43421,-2.89599
-1.04058,-0.290323,1.67247,0.55933,1.43414,-2.89593
-1.04041,-0.290247,1.67196,0.558392,1.43351,-2.89588
-1.04035,-0.290275,1.6711,0.556948,1.43318,-2.89588
-1.04016,-0.290391,1.67018,0.55543,1.43257,-2.89573
-1.03998,-0.290437,1.66931,0.553843,1.43213,-2.89608
-1.03975,-0.290658,1.66818,0.551933,1.43142,-2.89592
-1.03974,-0.290678,1.66742,0.550742,1.43158,-2.8965
-1.03966,-0.290848,1.66659,0.54944,1.43139,-2.89653
-1.03972,-0.290801,1.66614,0.54886,1.43154,-2.89659
-1.03984,-0.290623,1.66576,0.54838,1.43171,-2.89655
-1.03985,-0.290517,1.66555,0.548108,1.43185,-2.89671
-1.03994,-0.290308,1.66533,0.547839,1.43213,-2.89701
-1.03984,-0.290351,1.66509,0.547521,1.43214,-2.89702
-1.03985,-0.290435,1.66455,0.546801,1.43245,-2.89716
-1.03997,-0.290325,1.66396,0.545933,1.43282,-2.89729
-1.03997,-0.290231,1.66347,0.545018,1.43317,-2.89785
-1.0399,-0.290267,1.66283,0.544076,1.43316,-2.89769
-1.03985,-0.290264,1.66225,0.543094,1.43328,-2.89815
-1.03977,-0.290248,1.66155,0.54199,1.43317,-2.89828
-1.03966,-0.290325,1.66104,0.541263,1.43308,-2.89825
-1.03962,-0.290286,1.66058,0.540449,1.4333,-2.89902
-1.03957,-0.290188,1.6601,0.539592,1.43299,-2.89878
-1.03955,-0.290139,1.65975,0.539005,1.43325,-2.89902
-1.03948,-0.290239,1.6592,0.538085,1.43293,-2.89851
-1.03938,-0.29006,1.65896,0.53746,1.43286,-2.89866
-1.03929,-0.289926,1.65845,0.53636,1.43247,-2.89843
-1.03914,-0.289887,1.65795,0.535229,1.43226,-2.89873
-1.03895,-0.290037,1.65737,0.534121,1.4319,-2.89856
-1.03889,-0.289812,1.65682,0.532918,1.43161,-2.89853
-1.03883,-0.289567,1.65617,0.531242,1.43167,-2.89966
-1.03873,-0.289651,1.65594,0.531011,1.4317,-2.89897
-1.03866,-0.289536,1.65525,0.529579,1.43144,-2.89886
-1.0386,-0.289354,1.65503,0.52902,1.43149,-2.89881
-1.03863,-0.289231,1.65475,0.528495,1.43171,-2.89872
-1.03864,-0.288915,1.65436,0.527625,1.4316,-2.89848
-1.03839,-0.288924,1.65418,0.527197,1.43134,-2.89841
-1.03835,-0.288669,1.65387,0.526507,1.43115,-2.89809
-1.03827,-0.288298,1.65367,0.5259,1.43091,-2.89803
-1.03823,-0.288129,1.65339,0.525356,1.43092,-2.89777
-1.03811,-0.287841,1.65328,0.524926,1.43056,-2.8975
-1.03802,-0.287507,1.65305,0.524266,1.4304,-2.89753
-1.03786,-0.287294,1.65299,0.523974,1.43008,-2.89711
-1.03778,-0.287266,1.65247,0.523012,1.42987,-2.89663
-1.03772,-0.287035,1.65193,0.521804,1.4296,-2.89661
-1.0375,-0.287127,1.65138,0.520737,1.42922,-2.89632
-1.03734,-0.287115,1.65061,0.519225,1.4287,-2.89606
-1.03731,-0.28719,1.64984,0.517905,1.42858,-2.89601
-1.03713,-0.287142,1.64922,0.516623,1.42812,-2.89614
-1.03698,-0.287241,1.64869,0.515807,1.42781,-2.89604
-1.03692,-0.287255,1.64804,0.514836,1.42763,-2.89602
-1.0369,-0.287079,1.64783,0.514456,1.42782,-2.89661
-1.03684,-0.287031,1.6474,0.513906,1.42773,-2.8963
-1.03685,-0.286834,1.64732,0.513859,1.42796,-2.89641
-1.03693,-0.286719,1.64702,0.51353,1.42833,-2.89636
-1.037,-0.286567,1.64657,0.512853,1.42857,-2.89635
-1.03703,-0.286441,1.64628,0.512345,1.4288,-2.89661
-1.03687,-0.286596,1.64545,0.510887,1.42864,-2.89659
-1.03675,-0.286602,1.64494,0.509876,1.42871,-2.89696
-1.0366,-0.286696,1.64407,0.508338,1.42835,-2.89672
-1.03654,-0.286691,1.64337,0.507073,1.42844,-2.89702
-1.03628,-0.286849,1.6426,0.505621,1.42811,-2.89715
-1.03614,-0.286711,1.64209,0.50456,1.42793,-2.89703
-1.0361,-0.286492,1.64178,0.503907,1.42799,-2.89702
-1.03605,-0.28622,1.64176,0.503734,1.42802,-2.89679
-1.03597,-0.285782,1.64196,0.503749,1.42787,-2.89652
-1.03595,-0.285463,1.64212,0.503862,1.42789,-2.89601
-1.03621,-0.28485,1.64196,0.503289,1.42819,-2.89624
-1.03609,-0.284609,1.64195,0.502943,1.42774,-2.89579
-1.03604,-0.284341,1.64199,0.502759,1.42749,-2.89546
-1.03605,-0.283834,1.64127,0.500764,1.42695,-2.896
-1.03588,-0.283892,1.64094,0.500209,1.4263,-2.895
-1.03581,-0.283817,1.64032,0.498861,1.42578,-2.8948
-1.03554,-0.283584,1.63993,0.497719,1.42487,-2.89456
-1.03535,-0.28346,1.63937,0.496439,1.42418,-2.89442
-1.03516,-0.283401,1.63892,0.495506,1.42369,-2.89444
-1.03516,-0.283187,1.63827,0.494118,1.4233,-2.89456
-1.03497,-0.283145,1.63789,0.493445,1.42277,-2.89427
-1.03503,-0.283088,1.63719,0.492267,1.42265,-2.89437
-1.03504,-0.282774,1.63686,0.491595,1.42255,-2.89477
-1.03487,-0.283042,1.6365,0.491044,1.42253,-2.89519
-1.035,-0.282871,1.63616,0.49065,1.42265,-2.89537
-1.03507,-0.28279,1.63577,0.490172,1.42275,-2.89559
-1.03526,-0.282712,1.63549,0.489944,1.42324,-2.89625
-1.03532,-0.282525,1.63542,0.490015,1.42327,-2.89643
-1.03539,-0.28248,1.6351,0.489706,1.42325,-2.89644
-1.03533,-0.282414,1.63497,0.489492,1.4232,-2.89696
-1.03548,-0.282343,1.6345,0.488897,1.42339,-2.89728
-1.03551,-0.282325,1.6341,0.488402,1.4231,-2.89704
-1.03539,-0.282412,1.63361,0.487578,1.42264,-2.89706
-1.03541,-0.282344,1.6332,0.486851,1.42249,-2.89738
-1.03553,-0.282234,1.63236,0.485178,1.42247,-2.89841
-1.03555,-0.282739,1.63171,0.48466,1.4223,-2.8976
-1.0355,-0.282932,1.63105,0.483681,1.42187,-2.89744
-1.0356,-0.283123,1.6302,0.48232,1.42177,-2.89751
-1.03562,-0.283348,1.62948,0.481191,1.42171,-2.89778
-1.03571,-0.283353,1.62886,0.480181,1.42151,-2.89778
-1.03571,-0.283603,1.62816,0.479167,1.42136,-2.89776
-1.03583,-0.283637,1.62757,0.478388,1.42118,-2.8977
-1.03574,-0.283637,1.62725,0.477966,1.42076,-2.8979
-1.03587,-0.283636,1.6269,0.477714,1.42078,-2.89808
-1.03569,-0.283827,1.62673,0.477825,1.42027,-2.89785
-1.03568,-0.283807,1.6265,0.477744,1.42009,-2.89799
-1.0358,-0.283758,1.62625,0.477766,1.42018,-2.89811
-1.03588,-0.283767,1.62599,0.477718,1.42032,-2.89845
-1.0359,-0.283994,1.62568,0.477686,1.42062,-2.89862
-1.03596,-0.284012,1.62559,0.477703,1.42094,-2.89924
-1.03613,-0.284125,1.62484,0.476805,1.42123,-2.8994
-1.03625,-0.284471,1.62388,0.475527,1.42152,-2.89956
-1.0363,-0.28485,1.62312,0.474577,1.42186,-2.8999
-1.03636,-0.285106,1.62236,0.473561,1.42194,-2.90004
-1.03635,-0.285577,1.62166,0.472774,1.42198,-2.90003
-1.03636,-0.285792,1.62114,0.472119,1.42206,-2.90047
-1.03628,-0.286166,1.62048,0.471282,1.42186,-2.9006
-1.03637,-0.286176,1.62042,0.471502,1.42199,-2.90078
-1.03646,-0.286215,1.62015,0.471426,1.4221,-2.90097
-1.03657,-0.286236,1.62024,0.472015,1.42237,-2.90092
-1.03654,-0.286191,1.62026,0.472244,1.42222,-2.90097
-1.03661,-0.286196,1.62019,0.472473,1.42244,-2.901
-1.03673,-0.286276,1.61968,0.472003,1.42253,-2.90092
-1.03687,-0.28616,1.61926,0.471523,1.42265,-2.9014
-1.03672,-0.28656,1.6188,0.471265,1.42248,-2.90112
-1.03691,-0.286636,1.61801,0.4703,1.42263,-2.90151
-1.03686,-0.286867,1.61725,0.46943,1.42231,-2.90156
-1.03688,-0.287003,1.61661,0.46875,1.42213,-2.90178
-1.0369,-0.28713,1.61638,0.468882,1.42201,-2.90189
-1.03672,-0.287344,1.61611,0.468905,1.4214,-2.90143
-1.03677,-0.287476,1.61551,0.468365,1.42112,-2.90146
-1.03678,-0.287706,1.61482,0.467792,1.42082,-2.90133
-1.03673,-0.287953,1.61445,0.467858,1.42056,-2.90104
-1.03672,-0.288154,1.61383,0.467287,1.42027,-2.90123
-1.03681,-0.288469,1.61327,0.467179,1.42033,-2.90151
-1.03687,-0.288955,1.6123,0.466381,1.42035,-2.90185
-1.03692,-0.28936,1.61137,0.465545,1.42028,-2.90253
-1.03705,-0.289705,1.61046,0.464856,1.42048,-2.90318
-1.03734,-0.289846,1.60954,0.464067,1.42089,-2.90423
-1.03735,-0.290303,1.60849,0.4633,1.42071,-2.90441
-1.03751,-0.290468,1.60745,0.462322,1.42087,-2.90535
-1.03745,-0.290862,1.60662,0.461756,1.4205,-2.90574
-1.03759,-0.291109,1.60564,0.46104,1.42069,-2.90641
-1.03752,-0.291524,1.60469,0.460413,1.42041,-2.90676
-1.03761,-0.29194,1.60374,0.459881,1.42038,-2.90712
-1.03767,-0.292211,1.60274,0.459215,1.42035,-2.90762
-1.03788,-0.292633,1.60138,0.458134,1.42053,-2.90814
-1.03797,-0.292961,1.60047,0.457625,1.42051,-2.9088
-1.03806,-0.293435,1.5992,0.456703,1.42039,-2.90891
-1.03831,-0.293827,1.59794,0.455725,1.42056,-2.90933
-1.03836,-0.294341,1.59664,0.454691,1.42031,-2.90948
-1.03846,-0.294815,1.59537,0.453675,1.42021,-2.90997
-1.03848,-0.295301,1.59421,0.452761,1.41989,-2.91064
-1.03846,-0.29589,1.59302,0.452009,1.41958,-2.91111
-1.03853,-0.296246,1.59171,0.450834,1.41917,-2.912
-1.03863,-0.297041,1.59015,0.449854,1.41896,-2.91227
-1.03874,-0.297514,1.58856,0.448574,1.41848,-2.91278
-1.03877,-0.298242,1.58733,0.448257,1.41796,-2.91284
-1.03897,-0.29869,1.58577,0.447317,1.41759,-2.91365
-1.03902,-0.299329,1.58412,0.446286,1.417,-2.9143
-1.03927,-0.299809,1.58264,0.445598,1.41688,-2.91544
-1.03918,-0.300423,1.58136,0.445211,1.41609,-2.91593
-1.03927,-0.301063,1.57993,0.44474,1.41572,-2.91686
-1.03936,-0.301685,1.5787,0.444779,1.4153,-2.9173
-1.03951,-0.302126,1.57738,0.444491,1.415,-2.91874
-1.03965,-0.302914,1.57578,0.444181,1.41464,-2.91951
-1.0399,-0.303475,1.57415,0.443615,1.41438,-2.92098
-1.03981,-0.304545,1.57284,0.443887,1.41368,-2.92121
-1.03995,-0.305292,1.57147,0.443947,1.41328,-2.92214
-1.0401,-0.30616,1.56983,0.443609,1.41306,-2.92326
-1.04016,-0.30709,1.56816,0.44329,1.41239,-2.92377
-1.04055,-0.307952,1.56617,0.442445,1.41273,-2.92537
-1.04085,-0.308942,1.56426,0.441821,1.41304,-2.92702
-1.04123,-0.310071,1.56239,0.441443,1.41364,-2.92863
-1.04157,-0.311091,1.56048,0.440936,1.41375,-2.92977
-1.04214,-0.312062,1.55828,0.440269,1.41413,-2.93081
-1.04236,-0.31322,1.55629,0.439857,1.41377,-2.93175
-1.04265,-0.314333,1.5544,0.439867,1.41327,-2.93198
-1.04302,-0.315309,1.55249,0.439542,1.41309,-2.93339
-1.04307,-0.31652,1.55101,0.440038,1.41222,-2.93432
-1.04339,-0.317627,1.54889,0.439548,1.41174,-2.93601
-1.04362,-0.319329,1.54612,0.438476,1.41117,-2.93711
-1.04377,-0.320866,1.54348,0.437412,1.41039,-2.93861
-1.04419,-0.322168,1.54063,0.435809,1.4103,-2.94086
-1.04458,-0.323693,1.53779,0.434489,1.41028,-2.94238
-1.04487,-0.325243,1.53506,0.433429,1.41025,-2.9442
-1.04531,-0.32683,1.53216,0.432244,1.41035,-2.94557
-1.04568,-0.328491,1.52953,0.431584,1.41042,-2.94681
-1.046,-0.329929,1.52744,0.431665,1.41048,-2.94855
-1.04671,-0.330873,1.52524,0.431536,1.41101,-2.95107
-1.04706,-0.332197,1.52301,0.431462,1.41072,-2.9527
-1.04711,-0.334101,1.52094,0.431916,1.41028,-2.95393
-1.04765,-0.335542,1.51835,0.431742,1.41005,-2.95496
-1.0481,-0.33689,1.5158,0.431285,1.40972,-2.95648
-1.04857,-0.338203,1.51334,0.430837,1.40947,-2.95827
-1.04887,-0.3398,1.51082,0.430342,1.4092,-2.95989
-1.0488,-0.341752,1.5087,0.430488,1.40841,-2.96061
-1.04941,-0.343148,1.50591,0.429559,1.40868,-2.96232
-1.04979,-0.344773,1.50286,0.428037,1.4084,-2.96392
-1.05055,-0.346478,1.49964,0.426607,1.40911,-2.96577
-1.05108,-0.348288,1.49651,0.425062,1.40932,-2.96775
-1.05145,-0.349989,1.49399,0.424416,1.40944,-2.96971
-1.0518,-0.351695,1.49148,0.42388,1.40944,-2.97153
-1.05222,-0.35315,1.48884,0.423091,1.40922,-2.97313
-1.05274,-0.354569,1.48641,0.422809,1.40922,-2.97432
-1.05305,-0.356215,1.48416,0.422687,1.40915,-2.97583
-1.05344,-0.357287,1.48285,0.423827,1.40916,-2.97775
-1.05388,-0.358416,1.48126,0.424622,1.40919,-2.97924
-1.05439,-0.359404,1.47982,0.425581,1.40922,-2.98047
-1.05473,-0.360929,1.47788,0.425839,1.40918,-2.98157
-1.05524,-0.362342,1.4755,0.425158,1.40944,-2.98331
-1.0558,-0.363736,1.47321,0.424799,1.40961,-2.98441
-1.05639,-0.364919,1.47114,0.424562,1.40987,-2.98611
-1.05667,-0.366289,1.46929,0.424441,1.40961,-2.98776
-1.05693,-0.367895,1.46702,0.423966,1.40915,-2.98867
-1.05721,-0.369437,1.46483,0.423647,1.40853,-2.98928
-1.05769,-0.370895,1.46209,0.422293,1.40838,-2.99094
-1.05787,-0.372337,1.46034,0.422658,1.40774,-2.99169
-1.0583,-0.373558,1.45861,0.422955,1.40755,-2.99271
-1.05868,-0.374652,1.45723,0.423732,1.40727,-2.99392
-1.059,-0.375848,1.45593,0.424589,1.40708,-2.99509
-1.05939,-0.377332,1.45429,0.425162,1.4073,-2.99625
-1.06008,-0.378691,1.45188,0.424487,1.40798,-2.99787
-1.06055,-0.380167,1.44977,0.424329,1.40829,-2.99904
-1.06116,-0.381512,1.44743,0.423593,1.40899,-3.00064
-1.06146,-0.382762,1.44566,0.423546,1.40889,-3.00189
-1.06188,-0.383962,1.4439,0.423359,1.40928,-3.00355
-1.06211,-0.385374,1.44223,0.423454,1.40926,-3.00452
-1.06249,-0.386699,1.44048,0.423483,1.4095,-3.00543
-1.06295,-0.387872,1.43866,0.423219,1.40977,-3.0067
-1.06348,-0.389067,1.43689,0.423167,1.41021,-3.00748
-1.06389,-0.39019,1.43552,0.423493,1.41051,-3.00852
-1.06429,-0.391116,1.43435,0.423969,1.41048,-3.00926
-1.06472,-0.391809,1.43342,0.424507,1.41065,-3.01051
-1.06512,-0.392669,1.43259,0.425442,1.41072,-3.01097
-1.06534,-0.393397,1.43206,0.426565,1.41041,-3.01142
-1.06564,-0.394399,1.4309,0.426766,1.41041,-3.01199
-1.06614,-0.395175,1.4298,0.426975,1.41088,-3.01296
-1.06666,-0.395775,1.42832,0.42614,1.41129,-3.01483
-1.06698,-0.396949,1.42744,0.427195,1.41139,-3.01417
-1.06741,-0.397877,1.42636,0.427422,1.41192,-3.01507
-1.06794,-0.398682,1.42564,0.428237,1.41265,-3.01608
-1.0685,-0.399301,1.42527,0.429818,1.41329,-3.01652
-1.06894,-0.399685,1.42521,0.431543,1.41354,-3.0172
-1.06932,-0.400043,1.4254,0.433648,1.4137,-3.01763
-1.06976,-0.400408,1.42556,0.435812,1.41393,-3.01782
-1.06994,-0.400958,1.42589,0.438136,1.41392,-3.01784
-1.07015,-0.401496,1.42619,0.440341,1.41393,-3.01803
-1.07039,-0.402159,1.42599,0.441791,1.414,-3.01817
-1.07082,-0.402624,1.42597,0.443522,1.41465,-3.01881
-1.07117,-0.403042,1.42591,0.445079,1.41487,-3.01956
-1.07164,-0.403199,1.42606,0.447007,1.41542,-3.02054
-1.07202,-0.403305,1.42673,0.449805,1.41583,-3.02131
-1.07243,-0.403489,1.42745,0.453049,1.41622,-3.02168
-1.07286,-0.40361,1.42841,0.456638,1.41675,-3.02205
-1.07303,-0.40386,1.42959,0.460461,1.4167,-3.02203
-1.07354,-0.404041,1.43036,0.463748,1.41743,-3.02224
-1.07397,-0.404326,1.43095,0.466562,1.41813,-3.02267
-1.07437,-0.404704,1.43184,0.46988,1.41895,-3.02309
-1.07492,-0.404722,1.43284,0.473122,1.42006,-3.02417
-1.07559,-0.40475,1.434,0.476982,1.42129,-3.0244
-1.07626,-0.404543,1.4354,0.480942,1.42249,-3.02501
-1.07668,-0.40441,1.43718,0.485477,1.42311,-3.02507
-1.07714,-0.404126,1.43906,0.48991,1.42402,-3.02608
-1.07765,-0.403891,1.44078,0.494354,1.42475,-3.0265
-1.07796,-0.403899,1.44282,0.499463,1.42537,-3.02672
-1.07816,-0.403713,1.44516,0.504763,1.42572,-3.02731
-1.07874,-0.403149,1.44767,0.510442,1.42678,-3.02836
-1.07921,-0.402652,1.45063,0.51706,1.42771,-3.0287
-1.07978,-0.401938,1.45419,0.524645,1.42889,-3.02885
-1.08054,-0.400874,1.45792,0.532423,1.43031,-3.02886
-1.08105,-0.400074,1.46213,0.54107,1.43135,-3.02803
-1.08169,-0.398921,1.46611,0.54881,1.43242,-3.02753
-1.08231,-0.397945,1.47026,0.556975,1.4338,-3.02675
-1.08295,-0.396914,1.47414,0.564669,1.43489,-3.02569
-1.08362,-0.395855,1.47822,0.572705,1.4361,-3.02472
-1.08418,-0.394486,1.48274,0.581158,1.43696,-3.02433
-1.08481,-0.392872,1.48736,0.589332,1.43804,-3.02529
-1.08519,-0.391995,1.49201,0.598834,1.43837,-3.02353
-1.08562,-0.390515,1.49698,0.608202,1.4389,-3.02323
-1.08611,-0.388929,1.50188,0.61742,1.43957,-3.02307
-1.08654,-0.38726,1.50703,0.627029,1.44026,-3.02282
-1.08685,-0.38587,1.51225,0.637099,1.44094,-3.02209
-1.08718,-0.384219,1.51765,0.647156,1.44172,-3.02163
-1.08755,-0.382535,1.52287,0.6569,1.44262,-3.02089
-1.0879,-0.38068,1.52833,0.667092,1.44341,-3.01992
-1.08828,-0.378823,1.53409,0.677819,1.44447,-3.01908
-1.08868,-0.377144,1.53906,0.687097,1.44577,-3.01872
-1.08909,-0.375359,1.54379,0.695863,1.44679,-3.01782
-1.08928,-0.373916,1.54859,0.7046,1.44768,-3.01702
-1.08957,-0.372186,1.55328,0.712896,1.44858,-3.01615
-1.08985,-0.370397,1.55839,0.721981,1.44952,-3.01478
-1.09003,-0.368537,1.56373,0.731268,1.45014,-3.01383
-1.09043,-0.366254,1.56927,0.740835,1.45066,-3.01241
-1.0908,-0.36388,1.57509,0.750795,1.45112,-3.0111
-1.09124,-0.361737,1.58141,0.762082,1.45183,-3.00953
-1.09168,-0.359544,1.58783,0.773602,1.45239,-3.00757
-1.09218,-0.357305,1.5943,0.785197,1.45307,-3.0056
-1.09216,-0.355822,1.60106,0.797966,1.45285,-3.00218
-1.09277,-0.353423,1.60693,0.807893,1.45379,-3.00161
-1.09331,-0.351146,1.6129,0.818327,1.45456,-3.00047
-1.09351,-0.349305,1.61879,0.828619,1.45495,-2.99906
-1.094,-0.347379,1.62451,0.838675,1.4559,-2.99781
-1.09444,-0.345373,1.63062,0.849218,1.45691,-2.99699
-1.09498,-0.343418,1.63672,0.860131,1.45803,-2.99536
-1.09553,-0.341282,1.64292,0.871254,1.4587,-2.9932
-1.09591,-0.339371,1.64908,0.88229,1.45932,-2.99126
